theater_type,theater_name,city,movie_title,start_time,district
MEGABOX,강남,서울,가디언즈 오브 갤럭시: Volume 3,08:00,서초구
MEGABOX,강남,서울,가디언즈 오브 갤럭시: Volume 3,11:00,서초구
MEGABOX,강남,서울,가디언즈 오브 갤럭시: Volume 3,14:00,서초구
MEGABOX,강남,서울,가디언즈 오브 갤럭시: Volume 3,17:00,서초구
MEGABOX,강남,서울,가디언즈 오브 갤럭시: Volume 3,20:00,서초구
MEGABOX,강남,서울,가디언즈 오브 갤럭시: Volume 3,23:00,서초구
MEGABOX,강남,서울,가디언즈 오브 갤럭시: Volume 3,09:00,서초구
MEGABOX,강남,서울,가디언즈 오브 갤럭시: Volume 3,15:00,서초구
MEGABOX,강남,서울,가디언즈 오브 갤럭시: Volume 3,18:00,서초구
MEGABOX,강남,서울,가디언즈 오브 갤럭시: Volume 3,21:00,서초구
MEGABOX,강남,서울,가디언즈 오브 갤럭시: Volume 3,24:00,서초구
MEGABOX,강남,서울,가디언즈 오브 갤럭시: Volume 3,10:00,서초구
MEGABOX,강남,서울,가디언즈 오브 갤럭시: Volume 3,16:00,서초구
MEGABOX,강남,서울,가디언즈 오브 갤럭시: Volume 3,19:00,서초구
MEGABOX,강남,서울,가디언즈 오브 갤럭시: Volume 3,22:00,서초구
MEGABOX,강남,서울,가디언즈 오브 갤럭시: Volume 3,13:10,서초구
MEGABOX,강남,서울,슈퍼 마리오 브라더스,10:50,서초구
MEGABOX,강남,서울,슈퍼 마리오 브라더스,15:00,서초구
MEGABOX,강남,서울,슈퍼 마리오 브라더스,09:35,서초구
MEGABOX,강남,서울,슈퍼 마리오 브라더스,11:35,서초구
MEGABOX,강남,서울,슈퍼 마리오 브라더스,13:40,서초구
MEGABOX,강남,서울,슈퍼 마리오 브라더스,15:45,서초구
MEGABOX,강남,서울,슈퍼 마리오 브라더스,17:50,서초구
MEGABOX,강남,서울,슈퍼 마리오 브라더스,19:55,서초구
MEGABOX,강남,서울,슈퍼 마리오 브라더스,22:00,서초구
MEGABOX,강남,서울,드림,08:30,서초구
MEGABOX,강남,서울,드림,11:05,서초구
MEGABOX,강남,서울,드림,13:40,서초구
MEGABOX,강남,서울,드림,16:15,서초구
MEGABOX,강남,서울,드림,18:50,서초구
MEGABOX,강남,서울,드림,21:25,서초구
MEGABOX,강남,서울,드림,24:00,서초구
MEGABOX,강남,서울,극장판 짱구는 못말려: 동물소환 닌자 배꼽수비대,08:40,서초구
MEGABOX,강남,서울,극장판 짱구는 못말려: 동물소환 닌자 배꼽수비대,12:50,서초구
MEGABOX,강남,서울,스즈메의 문단속,12:25,서초구
MEGABOX,강남,서울,스즈메의 문단속,17:00,서초구
MEGABOX,강남,서울,스즈메의 문단속,19:35,서초구
MEGABOX,강남,서울,스즈메의 문단속,22:10,서초구
MEGABOX,강남,서울,스즈메의 문단속,24:00,서초구
MEGABOX,강남,서울,[응원상영] 더 퍼스트 슬램덩크,13:00,서초구
MEGABOX,강남,서울,존 윅 4,09:30,서초구
MEGABOX,강남,서울,존 윅 4,16:10,서초구
MEGABOX,강남,서울,존 윅 4,19:30,서초구
MEGABOX,강남,서울,존 윅 4,22:50,서초구
MEGABOX,강남대로(씨티),서울,가디언즈 오브 갤럭시: Volume 3,15:50,강남구
MEGABOX,강남대로(씨티),서울,가디언즈 오브 갤럭시: Volume 3,18:50,강남구
MEGABOX,강남대로(씨티),서울,가디언즈 오브 갤럭시: Volume 3,10:35,강남구
MEGABOX,강남대로(씨티),서울,가디언즈 오브 갤럭시: Volume 3,13:30,강남구
MEGABOX,강남대로(씨티),서울,가디언즈 오브 갤럭시: Volume 3,20:35,강남구
MEGABOX,강남대로(씨티),서울,가디언즈 오브 갤럭시: Volume 3,21:40,강남구
MEGABOX,강남대로(씨티),서울,가디언즈 오브 갤럭시: Volume 3,14:40,강남구
MEGABOX,강남대로(씨티),서울,가디언즈 오브 갤럭시: Volume 3,17:35,강남구
MEGABOX,강남대로(씨티),서울,슈퍼 마리오 브라더스,09:50,강남구
MEGABOX,강남대로(씨티),서울,슈퍼 마리오 브라더스,11:50,강남구
MEGABOX,강남대로(씨티),서울,슈퍼 마리오 브라더스,13:50,강남구
MEGABOX,강남대로(씨티),서울,드림,11:45,강남구
MEGABOX,강남대로(씨티),서울,드림,09:40,강남구
MEGABOX,강남대로(씨티),서울,극장판 짱구는 못말려: 동물소환 닌자 배꼽수비대,16:25,강남구
MEGABOX,강남대로(씨티),서울,극장판 짱구는 못말려: 동물소환 닌자 배꼽수비대,18:30,강남구
MEGABOX,강남대로(씨티),서울,극장판 짱구는 못말려: 동물소환 닌자 배꼽수비대,09:40,강남구
MEGABOX,강남대로(씨티),서울,스즈메의 문단속,21:45,강남구
MEGABOX,강남대로(씨티),서울,스즈메의 문단속,14:15,강남구
MEGABOX,강남대로(씨티),서울,스즈메의 문단속,16:45,강남구
MEGABOX,강남대로(씨티),서울,스즈메의 문단속,19:15,강남구
MEGABOX,강남대로(씨티),서울,더 퍼스트 슬램덩크,12:10,강남구
MEGABOX,강남대로(씨티),서울,존 윅 4,20:30,강남구
MEGABOX,강동,서울,가디언즈 오브 갤럭시: Volume 3,19:40,강동구
MEGABOX,강동,서울,가디언즈 오브 갤럭시: Volume 3,11:35,강동구
MEGABOX,강동,서울,가디언즈 오브 갤럭시: Volume 3,14:30,강동구
MEGABOX,강동,서울,가디언즈 오브 갤럭시: Volume 3,17:25,강동구
MEGABOX,강동,서울,가디언즈 오브 갤럭시: Volume 3,20:20,강동구
MEGABOX,강동,서울,가디언즈 오브 갤럭시: Volume 3,09:20,강동구
MEGABOX,강동,서울,가디언즈 오브 갤럭시: Volume 3,12:15,강동구
MEGABOX,강동,서울,가디언즈 오브 갤럭시: Volume 3,15:10,강동구
MEGABOX,강동,서울,가디언즈 오브 갤럭시: Volume 3,18:05,강동구
MEGABOX,강동,서울,가디언즈 오브 갤럭시: Volume 3,21:00,강동구
MEGABOX,강동,서울,슈퍼 마리오 브라더스,12:55,강동구
MEGABOX,강동,서울,슈퍼 마리오 브라더스,09:35,강동구
MEGABOX,강동,서울,슈퍼 마리오 브라더스,17:10,강동구
MEGABOX,강동,서울,슈퍼 마리오 브라더스,19:10,강동구
MEGABOX,강동,서울,슈퍼 마리오 브라더스,13:10,강동구
MEGABOX,강동,서울,슈퍼 마리오 브라더스,15:10,강동구
MEGABOX,강동,서울,슈퍼 마리오 브라더스,09:45,강동구
MEGABOX,강동,서울,슈퍼 마리오 브라더스,15:55,강동구
MEGABOX,강동,서울,슈퍼 마리오 브라더스,11:45,강동구
MEGABOX,강동,서울,드림,14:55,강동구
MEGABOX,강동,서울,드림,10:35,강동구
MEGABOX,강동,서울,드림,21:10,강동구
MEGABOX,강동,서울,드림,18:00,강동구
MEGABOX,강동,서울,드림,13:50,강동구
MEGABOX,강동,서울,드림,16:30,강동구
MEGABOX,강동,서울,극장판 짱구는 못말려: 동물소환 닌자 배꼽수비대,10:45,강동구
MEGABOX,강동,서울,극장판 짱구는 못말려: 동물소환 닌자 배꼽수비대,17:30,강동구
MEGABOX,강동,서울,극장판 짱구는 못말려: 동물소환 닌자 배꼽수비대,13:45,강동구
MEGABOX,강동,서울,극장판 짱구는 못말려: 동물소환 닌자 배꼽수비대,19:05,강동구
MEGABOX,강동,서울,스즈메의 문단속,13:40,강동구
MEGABOX,강동,서울,스즈메의 문단속,16:15,강동구
MEGABOX,강동,서울,스즈메의 문단속,21:20,강동구
MEGABOX,강동,서울,더 퍼스트 슬램덩크,11:00,강동구
MEGABOX,강동,서울,더 퍼스트 슬램덩크,18:45,강동구
MEGABOX,강동,서울,더 퍼스트 슬램덩크,21:15,강동구
MEGABOX,강동,서울,존 윅 4,20:35,강동구
MEGABOX,강동,서울,존 윅 4,15:15,강동구
MEGABOX,강동,서울,존 윅 4,18:15,강동구
MEGABOX,강동,서울,킬링 로맨스,15:55,강동구
MEGABOX,강동,서울,킬링 로맨스,21:30,강동구
MEGABOX,강동,서울,리바운드,12:45,강동구
MEGABOX,강동,서울,리바운드,18:30,강동구
MEGABOX,강동,서울,무명,11:40,강동구
MEGABOX,강동,서울,무명,18:50,강동구
MEGABOX,강동,서울,거울 속 외딴 성,10:50,강동구
MEGABOX,강동,서울,클로즈,09:30,강동구
MEGABOX,강동,서울,클로즈,21:30,강동구
MEGABOX,강동,서울,리턴 투 서울,16:25,강동구
MEGABOX,강동,서울,항구의 니쿠코짱!,14:20,강동구
MEGABOX,강동,서울,아바타: 물의 길,10:10,강동구
MEGABOX,강동,서울,에브리씽 에브리웨어 올 앳 원스+,21:00,강동구
MEGABOX,강동,서울,오토라는 남자,13:20,강동구
MEGABOX,강동,서울,던전 앤 드래곤: 도적들의 명예,10:00,강동구
MEGABOX,군자,서울,가디언즈 오브 갤럭시: Volume 3,09:35,광진구
MEGABOX,군자,서울,가디언즈 오브 갤럭시: Volume 3,12:30,광진구
MEGABOX,군자,서울,가디언즈 오브 갤럭시: Volume 3,15:25,광진구
MEGABOX,군자,서울,가디언즈 오브 갤럭시: Volume 3,18:20,광진구
MEGABOX,군자,서울,가디언즈 오브 갤럭시: Volume 3,21:15,광진구
MEGABOX,군자,서울,가디언즈 오브 갤럭시: Volume 3,14:25,광진구
MEGABOX,군자,서울,가디언즈 오브 갤럭시: Volume 3,17:20,광진구
MEGABOX,군자,서울,가디언즈 오브 갤럭시: Volume 3,20:15,광진구
MEGABOX,군자,서울,가디언즈 오브 갤럭시: Volume 3,10:35,광진구
MEGABOX,군자,서울,가디언즈 오브 갤럭시: Volume 3,13:30,광진구
MEGABOX,군자,서울,가디언즈 오브 갤럭시: Volume 3,16:25,광진구
MEGABOX,군자,서울,슈퍼 마리오 브라더스,13:45,광진구
MEGABOX,군자,서울,슈퍼 마리오 브라더스,15:45,광진구
MEGABOX,군자,서울,슈퍼 마리오 브라더스,17:45,광진구
MEGABOX,군자,서울,슈퍼 마리오 브라더스,19:45,광진구
MEGABOX,군자,서울,슈퍼 마리오 브라더스,21:45,광진구
MEGABOX,군자,서울,슈퍼 마리오 브라더스,09:45,광진구
MEGABOX,군자,서울,슈퍼 마리오 브라더스,11:45,광진구
MEGABOX,군자,서울,드림,09:05,광진구
MEGABOX,군자,서울,드림,11:35,광진구
MEGABOX,군자,서울,드림,14:05,광진구
MEGABOX,군자,서울,드림,16:35,광진구
MEGABOX,군자,서울,드림,19:05,광진구
MEGABOX,군자,서울,드림,21:35,광진구
MEGABOX,군자,서울,극장판 짱구는 못말려: 동물소환 닌자 배꼽수비대,12:10,광진구
MEGABOX,군자,서울,극장판 짱구는 못말려: 동물소환 닌자 배꼽수비대,14:35,광진구
MEGABOX,군자,서울,극장판 짱구는 못말려: 동물소환 닌자 배꼽수비대,19:20,광진구
MEGABOX,군자,서울,스즈메의 문단속,13:20,광진구
MEGABOX,군자,서울,스즈메의 문단속,18:30,광진구
MEGABOX,군자,서울,더 퍼스트 슬램덩크,14:40,광진구
MEGABOX,군자,서울,더 퍼스트 슬램덩크,10:20,광진구
MEGABOX,군자,서울,존 윅 4,08:55,광진구
MEGABOX,군자,서울,존 윅 4,15:15,광진구
MEGABOX,군자,서울,존 윅 4,20:45,광진구
MEGABOX,군자,서울,킬링 로맨스,12:20,광진구
MEGABOX,군자,서울,킬링 로맨스,17:10,광진구
MEGABOX,군자,서울,킬링 로맨스,21:55,광진구
MEGABOX,군자,서울,리바운드,16:00,광진구
MEGABOX,군자,서울,리바운드,21:25,광진구
MEGABOX,군자,서울,무명,21:05,광진구
MEGABOX,군자,서울,거울 속 외딴 성,12:50,광진구
MEGABOX,군자,서울,[F] 클로즈,16:40,광진구
MEGABOX,군자,서울,[F] 클로즈,20:55,광진구
MEGABOX,군자,서울,[F] 리턴 투 서울,19:30,광진구
MEGABOX,군자,서울,항구의 니쿠코짱!,18:40,광진구
MEGABOX,군자,서울,라이스보이 슬립스,12:00,광진구
MEGABOX,군자,서울,[F] 자전거 도둑,10:05,광진구
MEGABOX,군자,서울,[F] 스트레이트 스토리,09:55,광진구
MEGABOX,군자,서울,[F] 피기,18:50,광진구
MEGABOX,군자,서울,소울메이트,10:50,광진구
MEGABOX,더 부티크 목동현대백화점,서울,가디언즈 오브 갤럭시: Volume 3,09:10,양천구
MEGABOX,더 부티크 목동현대백화점,서울,가디언즈 오브 갤럭시: Volume 3,15:10,양천구
MEGABOX,더 부티크 목동현대백화점,서울,가디언즈 오브 갤럭시: Volume 3,21:10,양천구
MEGABOX,더 부티크 목동현대백화점,서울,가디언즈 오브 갤럭시: Volume 3,12:10,양천구
MEGABOX,더 부티크 목동현대백화점,서울,가디언즈 오브 갤럭시: Volume 3,18:10,양천구
MEGABOX,더 부티크 목동현대백화점,서울,가디언즈 오브 갤럭시: Volume 3,09:50,양천구
MEGABOX,더 부티크 목동현대백화점,서울,가디언즈 오브 갤럭시: Volume 3,12:50,양천구
MEGABOX,더 부티크 목동현대백화점,서울,가디언즈 오브 갤럭시: Volume 3,15:50,양천구
MEGABOX,더 부티크 목동현대백화점,서울,가디언즈 오브 갤럭시: Volume 3,18:50,양천구
MEGABOX,더 부티크 목동현대백화점,서울,가디언즈 오브 갤럭시: Volume 3,21:50,양천구
MEGABOX,더 부티크 목동현대백화점,서울,가디언즈 오브 갤럭시: Volume 3,19:40,양천구
MEGABOX,더 부티크 목동현대백화점,서울,가디언즈 오브 갤럭시: Volume 3,22:40,양천구
MEGABOX,더 부티크 목동현대백화점,서울,가디언즈 오브 갤럭시: Volume 3,14:05,양천구
MEGABOX,더 부티크 목동현대백화점,서울,가디언즈 오브 갤럭시: Volume 3,17:05,양천구
MEGABOX,더 부티크 목동현대백화점,서울,가디언즈 오브 갤럭시: Volume 3,20:05,양천구
MEGABOX,더 부티크 목동현대백화점,서울,가디언즈 오브 갤럭시: Volume 3,23:20,양천구
MEGABOX,더 부티크 목동현대백화점,서울,가디언즈 오브 갤럭시: Volume 3,10:20,양천구
MEGABOX,더 부티크 목동현대백화점,서울,가디언즈 오브 갤럭시: Volume 3,13:25,양천구
MEGABOX,더 부티크 목동현대백화점,서울,가디언즈 오브 갤럭시: Volume 3,16:30,양천구
MEGABOX,더 부티크 목동현대백화점,서울,가디언즈 오브 갤럭시: Volume 3,11:20,양천구
MEGABOX,더 부티크 목동현대백화점,서울,가디언즈 오브 갤럭시: Volume 3,14:30,양천구
MEGABOX,더 부티크 목동현대백화점,서울,가디언즈 오브 갤럭시: Volume 3,17:40,양천구
MEGABOX,더 부티크 목동현대백화점,서울,가디언즈 오브 갤럭시: Volume 3,20:50,양천구
MEGABOX,더 부티크 목동현대백화점,서울,슈퍼 마리오 브라더스,19:55,양천구
MEGABOX,더 부티크 목동현대백화점,서울,슈퍼 마리오 브라더스,09:30,양천구
MEGABOX,더 부티크 목동현대백화점,서울,슈퍼 마리오 브라더스,11:35,양천구
MEGABOX,더 부티크 목동현대백화점,서울,슈퍼 마리오 브라더스,13:40,양천구
MEGABOX,더 부티크 목동현대백화점,서울,슈퍼 마리오 브라더스,15:45,양천구
MEGABOX,더 부티크 목동현대백화점,서울,슈퍼 마리오 브라더스,17:50,양천구
MEGABOX,더 부티크 목동현대백화점,서울,슈퍼 마리오 브라더스,12:00,양천구
MEGABOX,더 부티크 목동현대백화점,서울,슈퍼 마리오 브라더스,18:20,양천구
MEGABOX,더 부티크 목동현대백화점,서울,슈퍼 마리오 브라더스,09:10,양천구
MEGABOX,더 부티크 목동현대백화점,서울,드림,11:55,양천구
MEGABOX,더 부티크 목동현대백화점,서울,드림,14:30,양천구
MEGABOX,더 부티크 목동현대백화점,서울,드림,17:05,양천구
MEGABOX,더 부티크 목동현대백화점,서울,드림,21:00,양천구
MEGABOX,더 부티크 목동현대백화점,서울,드림,23:45,양천구
MEGABOX,더 부티크 목동현대백화점,서울,극장판 짱구는 못말려: 동물소환 닌자 배꼽수비대,14:00,양천구
MEGABOX,더 부티크 목동현대백화점,서울,극장판 짱구는 못말려: 동물소환 닌자 배꼽수비대,16:10,양천구
MEGABOX,더 부티크 목동현대백화점,서울,스즈메의 문단속,09:30,양천구
MEGABOX,더 부티크 목동현대백화점,서울,스즈메의 문단속,11:35,양천구
MEGABOX,더 부티크 목동현대백화점,서울,스즈메의 문단속,23:55,양천구
MEGABOX,더 부티크 목동현대백화점,서울,더 퍼스트 슬램덩크,09:00,양천구
MEGABOX,더 부티크 목동현대백화점,서울,존 윅 4,22:00,양천구
MEGABOX,더 부티크 목동현대백화점,서울,존 윅 4,20:20,양천구
MEGABOX,더 부티크 목동현대백화점,서울,킬링 로맨스,23:40,양천구
MEGABOX,더 부티크 목동현대백화점,서울,킬링 로맨스,09:35,양천구
MEGABOX,동대문,서울,가디언즈 오브 갤럭시: Volume 3,16:45,중구
MEGABOX,동대문,서울,가디언즈 오브 갤럭시: Volume 3,19:40,중구
MEGABOX,동대문,서울,가디언즈 오브 갤럭시: Volume 3,22:35,중구
MEGABOX,동대문,서울,가디언즈 오브 갤럭시: Volume 3,11:00,중구
MEGABOX,동대문,서울,가디언즈 오브 갤럭시: Volume 3,13:55,중구
MEGABOX,동대문,서울,가디언즈 오브 갤럭시: Volume 3,11:50,중구
MEGABOX,동대문,서울,가디언즈 오브 갤럭시: Volume 3,18:00,중구
MEGABOX,동대문,서울,가디언즈 오브 갤럭시: Volume 3,20:55,중구
MEGABOX,동대문,서울,가디언즈 오브 갤럭시: Volume 3,10:00,중구
MEGABOX,동대문,서울,가디언즈 오브 갤럭시: Volume 3,12:55,중구
MEGABOX,동대문,서울,가디언즈 오브 갤럭시: Volume 3,15:50,중구
MEGABOX,동대문,서울,가디언즈 오브 갤럭시: Volume 3,18:45,중구
MEGABOX,동대문,서울,가디언즈 오브 갤럭시: Volume 3,21:40,중구
MEGABOX,동대문,서울,슈퍼 마리오 브라더스,11:00,중구
MEGABOX,동대문,서울,슈퍼 마리오 브라더스,15:00,중구
MEGABOX,동대문,서울,슈퍼 마리오 브라더스,17:00,중구
MEGABOX,동대문,서울,슈퍼 마리오 브라더스,19:00,중구
MEGABOX,동대문,서울,슈퍼 마리오 브라더스,21:00,중구
MEGABOX,동대문,서울,슈퍼 마리오 브라더스,13:00,중구
MEGABOX,동대문,서울,드림,10:10,중구
MEGABOX,동대문,서울,드림,13:00,중구
MEGABOX,동대문,서울,드림,18:00,중구
MEGABOX,동대문,서울,드림,20:30,중구
MEGABOX,동대문,서울,드림,23:00,중구
MEGABOX,동대문,서울,극장판 짱구는 못말려: 동물소환 닌자 배꼽수비대,23:00,중구
MEGABOX,동대문,서울,극장판 짱구는 못말려: 동물소환 닌자 배꼽수비대,10:30,중구
MEGABOX,동대문,서울,극장판 짱구는 못말려: 동물소환 닌자 배꼽수비대,12:40,중구
MEGABOX,동대문,서울,극장판 짱구는 못말려: 동물소환 닌자 배꼽수비대,19:50,중구
MEGABOX,동대문,서울,스즈메의 문단속,14:55,중구
MEGABOX,동대문,서울,스즈메의 문단속,17:20,중구
MEGABOX,동대문,서울,스즈메의 문단속,10:30,중구
MEGABOX,동대문,서울,[응원상영] 더 퍼스트 슬램덩크,15:30,중구
MEGABOX,동대문,서울,더 퍼스트 슬램덩크,14:45,중구
MEGABOX,동대문,서울,더 퍼스트 슬램덩크,19:15,중구
MEGABOX,동대문,서울,존 윅 4,22:00,중구
MEGABOX,동대문,서울,존 윅 4,14:45,중구
MEGABOX,동대문,서울,거울 속 외딴 성,16:50,중구
MEGABOX,동대문,서울,리턴 투 서울,21:50,중구
MEGABOX,동대문,서울,[시네마캐슬] 너의 이름은.,17:25,중구
MEGABOX,동대문,서울,항구의 니쿠코짱!,19:40,중구
MEGABOX,동대문,서울,[시네마캐슬] 그 아이는 귀족,10:20,중구
MEGABOX,동대문,서울,[시네마캐슬] 그 아이는 귀족,21:45,중구
MEGABOX,동대문,서울,"[시네마캐슬] 안녕, 티라노: 영원히, 함께",12:50,중구
MEGABOX,마곡,서울,가디언즈 오브 갤럭시: Volume 3,09:00,강서구
MEGABOX,마곡,서울,가디언즈 오브 갤럭시: Volume 3,12:00,강서구
MEGABOX,마곡,서울,가디언즈 오브 갤럭시: Volume 3,15:00,강서구
MEGABOX,마곡,서울,가디언즈 오브 갤럭시: Volume 3,18:00,강서구
MEGABOX,마곡,서울,가디언즈 오브 갤럭시: Volume 3,21:00,강서구
MEGABOX,마곡,서울,가디언즈 오브 갤럭시: Volume 3,14:00,강서구
MEGABOX,마곡,서울,가디언즈 오브 갤럭시: Volume 3,17:00,강서구
MEGABOX,마곡,서울,가디언즈 오브 갤럭시: Volume 3,20:00,강서구
MEGABOX,마곡,서울,가디언즈 오브 갤럭시: Volume 3,23:00,강서구
MEGABOX,마곡,서울,가디언즈 오브 갤럭시: Volume 3,10:00,강서구
MEGABOX,마곡,서울,가디언즈 오브 갤럭시: Volume 3,13:00,강서구
MEGABOX,마곡,서울,가디언즈 오브 갤럭시: Volume 3,16:00,강서구
MEGABOX,마곡,서울,가디언즈 오브 갤럭시: Volume 3,19:00,강서구
MEGABOX,마곡,서울,가디언즈 오브 갤럭시: Volume 3,22:00,강서구
MEGABOX,마곡,서울,슈퍼 마리오 브라더스,09:10,강서구
MEGABOX,마곡,서울,슈퍼 마리오 브라더스,15:10,강서구
MEGABOX,마곡,서울,슈퍼 마리오 브라더스,21:30,강서구
MEGABOX,마곡,서울,슈퍼 마리오 브라더스,11:10,강서구
MEGABOX,마곡,서울,슈퍼 마리오 브라더스,13:10,강서구
MEGABOX,마곡,서울,슈퍼 마리오 브라더스,12:10,강서구
MEGABOX,마곡,서울,슈퍼 마리오 브라더스,16:45,강서구
MEGABOX,마곡,서울,드림,14:10,강서구
MEGABOX,마곡,서울,드림,18:45,강서구
MEGABOX,마곡,서울,극장판 짱구는 못말려: 동물소환 닌자 배꼽수비대,17:10,강서구
MEGABOX,마곡,서울,극장판 짱구는 못말려: 동물소환 닌자 배꼽수비대,19:20,강서구
MEGABOX,마곡,서울,극장판 짱구는 못말려: 동물소환 닌자 배꼽수비대,09:40,강서구
MEGABOX,마곡,서울,극장판 짱구는 못말려: 동물소환 닌자 배꼽수비대,11:50,강서구
MEGABOX,마곡,서울,극장판 짱구는 못말려: 동물소환 닌자 배꼽수비대,14:00,강서구
MEGABOX,마곡,서울,스즈메의 문단속,11:30,강서구
MEGABOX,마곡,서울,스즈메의 문단속,22:50,강서구
MEGABOX,마곡,서울,스즈메의 문단속,09:40,강서구
MEGABOX,마곡,서울,더 퍼스트 슬램덩크,08:55,강서구
MEGABOX,마곡,서울,존 윅 4,16:10,강서구
MEGABOX,마곡,서울,존 윅 4,19:30,강서구
MEGABOX,마곡,서울,존 윅 4,21:20,강서구
MEGABOX,마곡,서울,킬링 로맨스,23:30,강서구
MEGABOX,목동,서울,가디언즈 오브 갤럭시: Volume 3,10:05,양천구
MEGABOX,목동,서울,가디언즈 오브 갤럭시: Volume 3,13:25,양천구
MEGABOX,목동,서울,가디언즈 오브 갤럭시: Volume 3,16:45,양천구
MEGABOX,목동,서울,가디언즈 오브 갤럭시: Volume 3,20:00,양천구
MEGABOX,목동,서울,가디언즈 오브 갤럭시: Volume 3,23:15,양천구
MEGABOX,목동,서울,가디언즈 오브 갤럭시: Volume 3,08:55,양천구
MEGABOX,목동,서울,가디언즈 오브 갤럭시: Volume 3,12:15,양천구
MEGABOX,목동,서울,가디언즈 오브 갤럭시: Volume 3,15:35,양천구
MEGABOX,목동,서울,가디언즈 오브 갤럭시: Volume 3,18:55,양천구
MEGABOX,목동,서울,가디언즈 오브 갤럭시: Volume 3,22:15,양천구
MEGABOX,목동,서울,가디언즈 오브 갤럭시: Volume 3,14:40,양천구
MEGABOX,목동,서울,가디언즈 오브 갤럭시: Volume 3,09:35,양천구
MEGABOX,목동,서울,가디언즈 오브 갤럭시: Volume 3,12:50,양천구
MEGABOX,목동,서울,가디언즈 오브 갤럭시: Volume 3,16:10,양천구
MEGABOX,목동,서울,가디언즈 오브 갤럭시: Volume 3,19:30,양천구
MEGABOX,목동,서울,가디언즈 오브 갤럭시: Volume 3,22:50,양천구
MEGABOX,목동,서울,가디언즈 오브 갤럭시: Volume 3,10:45,양천구
MEGABOX,목동,서울,가디언즈 오브 갤럭시: Volume 3,17:45,양천구
MEGABOX,목동,서울,가디언즈 오브 갤럭시: Volume 3,21:00,양천구
MEGABOX,목동,서울,슈퍼 마리오 브라더스,09:10,양천구
MEGABOX,목동,서울,슈퍼 마리오 브라더스,18:30,양천구
MEGABOX,목동,서울,슈퍼 마리오 브라더스,20:50,양천구
MEGABOX,목동,서울,슈퍼 마리오 브라더스,11:30,양천구
MEGABOX,목동,서울,슈퍼 마리오 브라더스,13:50,양천구
MEGABOX,목동,서울,슈퍼 마리오 브라더스,16:10,양천구
MEGABOX,목동,서울,슈퍼 마리오 브라더스,10:25,양천구
MEGABOX,목동,서울,슈퍼 마리오 브라더스,12:45,양천구
MEGABOX,목동,서울,슈퍼 마리오 브라더스,17:35,양천구
MEGABOX,목동,서울,슈퍼 마리오 브라더스,15:10,양천구
MEGABOX,목동,서울,드림,09:00,양천구
MEGABOX,목동,서울,드림,11:50,양천구
MEGABOX,목동,서울,드림,17:55,양천구
MEGABOX,목동,서울,드림,20:45,양천구
MEGABOX,목동,서울,드림,23:30,양천구
MEGABOX,목동,서울,드림,22:00,양천구
MEGABOX,목동,서울,드림,19:50,양천구
MEGABOX,목동,서울,극장판 짱구는 못말려: 동물소환 닌자 배꼽수비대,09:45,양천구
MEGABOX,목동,서울,극장판 짱구는 못말려: 동물소환 닌자 배꼽수비대,12:10,양천구
MEGABOX,목동,서울,극장판 짱구는 못말려: 동물소환 닌자 배꼽수비대,14:35,양천구
MEGABOX,목동,서울,극장판 짱구는 못말려: 동물소환 닌자 배꼽수비대,17:00,양천구
MEGABOX,목동,서울,극장판 짱구는 못말려: 동물소환 닌자 배꼽수비대,19:25,양천구
MEGABOX,목동,서울,스즈메의 문단속,10:55,양천구
MEGABOX,목동,서울,스즈메의 문단속,16:55,양천구
MEGABOX,목동,서울,스즈메의 문단속,19:40,양천구
MEGABOX,목동,서울,[응원상영] 더 퍼스트 슬램덩크,14:00,양천구
MEGABOX,목동,서울,더 퍼스트 슬램덩크,23:10,양천구
MEGABOX,목동,서울,존 윅 4,22:40,양천구
MEGABOX,목동,서울,리턴 투 서울,22:25,양천구
MEGABOX,상봉,서울,가디언즈 오브 갤럭시: Volume 3,11:00,중랑구
MEGABOX,상봉,서울,가디언즈 오브 갤럭시: Volume 3,13:55,중랑구
MEGABOX,상봉,서울,가디언즈 오브 갤럭시: Volume 3,16:50,중랑구
MEGABOX,상봉,서울,가디언즈 오브 갤럭시: Volume 3,19:45,중랑구
MEGABOX,상봉,서울,가디언즈 오브 갤럭시: Volume 3,10:00,중랑구
MEGABOX,상봉,서울,가디언즈 오브 갤럭시: Volume 3,12:55,중랑구
MEGABOX,상봉,서울,가디언즈 오브 갤럭시: Volume 3,15:50,중랑구
MEGABOX,상봉,서울,가디언즈 오브 갤럭시: Volume 3,18:45,중랑구
MEGABOX,상봉,서울,가디언즈 오브 갤럭시: Volume 3,21:40,중랑구
MEGABOX,상봉,서울,가디언즈 오브 갤럭시: Volume 3,14:55,중랑구
MEGABOX,상봉,서울,가디언즈 오브 갤럭시: Volume 3,17:50,중랑구
MEGABOX,상봉,서울,가디언즈 오브 갤럭시: Volume 3,20:45,중랑구
MEGABOX,상봉,서울,슈퍼 마리오 브라더스,10:40,중랑구
MEGABOX,상봉,서울,슈퍼 마리오 브라더스,12:40,중랑구
MEGABOX,상봉,서울,슈퍼 마리오 브라더스,14:40,중랑구
MEGABOX,상봉,서울,슈퍼 마리오 브라더스,16:40,중랑구
MEGABOX,상봉,서울,슈퍼 마리오 브라더스,18:40,중랑구
MEGABOX,상봉,서울,슈퍼 마리오 브라더스,11:45,중랑구
MEGABOX,상봉,서울,슈퍼 마리오 브라더스,13:50,중랑구
MEGABOX,상봉,서울,슈퍼 마리오 브라더스,15:55,중랑구
MEGABOX,상봉,서울,드림,10:00,중랑구
MEGABOX,상봉,서울,드림,12:30,중랑구
MEGABOX,상봉,서울,드림,15:00,중랑구
MEGABOX,상봉,서울,드림,17:30,중랑구
MEGABOX,상봉,서울,드림,20:00,중랑구
MEGABOX,상봉,서울,드림,22:30,중랑구
MEGABOX,상봉,서울,극장판 짱구는 못말려: 동물소환 닌자 배꼽수비대,15:05,중랑구
MEGABOX,상봉,서울,극장판 짱구는 못말려: 동물소환 닌자 배꼽수비대,17:10,중랑구
MEGABOX,상봉,서울,극장판 짱구는 못말려: 동물소환 닌자 배꼽수비대,10:20,중랑구
MEGABOX,상봉,서울,스즈메의 문단속,20:40,중랑구
MEGABOX,상봉,서울,스즈메의 문단속,12:25,중랑구
MEGABOX,상봉,서울,존 윅 4,18:00,중랑구
MEGABOX,상봉,서울,존 윅 4,21:20,중랑구
MEGABOX,상봉,서울,[시네마캐슬] 날씨의 아이,19:15,중랑구
MEGABOX,상봉,서울,[시네마캐슬] 그 아이는 귀족,10:30,중랑구
MEGABOX,상봉,서울,[시네마캐슬] 그 아이는 귀족,21:35,중랑구
MEGABOX,상봉,서울,"[시네마캐슬] 안녕, 티라노: 영원히, 함께",13:00,중랑구
MEGABOX,상암월드컵경기장,서울,가디언즈 오브 갤럭시: Volume 3,21:45,마포구
MEGABOX,상암월드컵경기장,서울,가디언즈 오브 갤럭시: Volume 3,10:00,마포구
MEGABOX,상암월드컵경기장,서울,가디언즈 오브 갤럭시: Volume 3,19:15,마포구
MEGABOX,상암월드컵경기장,서울,가디언즈 오브 갤럭시: Volume 3,22:20,마포구
MEGABOX,상암월드컵경기장,서울,가디언즈 오브 갤럭시: Volume 3,07:50,마포구
MEGABOX,상암월드컵경기장,서울,가디언즈 오브 갤럭시: Volume 3,16:45,마포구
MEGABOX,상암월드컵경기장,서울,가디언즈 오브 갤럭시: Volume 3,19:55,마포구
MEGABOX,상암월드컵경기장,서울,가디언즈 오브 갤럭시: Volume 3,22:55,마포구
MEGABOX,상암월드컵경기장,서울,가디언즈 오브 갤럭시: Volume 3,11:20,마포구
MEGABOX,상암월드컵경기장,서울,가디언즈 오브 갤럭시: Volume 3,14:25,마포구
MEGABOX,상암월드컵경기장,서울,가디언즈 오브 갤럭시: Volume 3,17:30,마포구
MEGABOX,상암월드컵경기장,서울,가디언즈 오브 갤럭시: Volume 3,20:35,마포구
MEGABOX,상암월드컵경기장,서울,가디언즈 오브 갤럭시: Volume 3,23:35,마포구
MEGABOX,상암월드컵경기장,서울,가디언즈 오브 갤럭시: Volume 3,09:20,마포구
MEGABOX,상암월드컵경기장,서울,가디언즈 오브 갤럭시: Volume 3,12:20,마포구
MEGABOX,상암월드컵경기장,서울,가디언즈 오브 갤럭시: Volume 3,15:20,마포구
MEGABOX,상암월드컵경기장,서울,가디언즈 오브 갤럭시: Volume 3,18:20,마포구
MEGABOX,상암월드컵경기장,서울,가디언즈 오브 갤럭시: Volume 3,21:20,마포구
MEGABOX,상암월드컵경기장,서울,가디언즈 오브 갤럭시: Volume 3,13:05,마포구
MEGABOX,상암월드컵경기장,서울,슈퍼 마리오 브라더스,13:40,마포구
MEGABOX,상암월드컵경기장,서울,슈퍼 마리오 브라더스,07:55,마포구
MEGABOX,상암월드컵경기장,서울,슈퍼 마리오 브라더스,09:20,마포구
MEGABOX,상암월드컵경기장,서울,슈퍼 마리오 브라더스,11:25,마포구
MEGABOX,상암월드컵경기장,서울,슈퍼 마리오 브라더스,12:40,마포구
MEGABOX,상암월드컵경기장,서울,슈퍼 마리오 브라더스,11:10,마포구
MEGABOX,상암월드컵경기장,서울,슈퍼 마리오 브라더스,13:10,마포구
MEGABOX,상암월드컵경기장,서울,슈퍼 마리오 브라더스,21:55,마포구
MEGABOX,상암월드컵경기장,서울,슈퍼 마리오 브라더스,15:10,마포구
MEGABOX,상암월드컵경기장,서울,슈퍼 마리오 브라더스,17:15,마포구
MEGABOX,상암월드컵경기장,서울,[무대인사] 드림,16:05,마포구
MEGABOX,상암월드컵경기장,서울,[무대인사] 드림,13:15,마포구
MEGABOX,상암월드컵경기장,서울,[무대인사] 드림,16:15,마포구
MEGABOX,상암월드컵경기장,서울,[무대인사] 드림,13:25,마포구
MEGABOX,상암월드컵경기장,서울,[무대인사] 드림,16:25,마포구
MEGABOX,상암월드컵경기장,서울,[무대인사] 드림,13:40,마포구
MEGABOX,상암월드컵경기장,서울,드림,19:35,마포구
MEGABOX,상암월드컵경기장,서울,드림,22:10,마포구
MEGABOX,상암월드컵경기장,서울,드림,07:55,마포구
MEGABOX,상암월드컵경기장,서울,드림,10:30,마포구
MEGABOX,상암월드컵경기장,서울,극장판 짱구는 못말려: 동물소환 닌자 배꼽수비대,10:50,마포구
MEGABOX,상암월드컵경기장,서울,극장판 짱구는 못말려: 동물소환 닌자 배꼽수비대,14:45,마포구
MEGABOX,상암월드컵경기장,서울,극장판 짱구는 못말려: 동물소환 닌자 배꼽수비대,16:55,마포구
MEGABOX,상암월드컵경기장,서울,극장판 짱구는 못말려: 동물소환 닌자 배꼽수비대,19:05,마포구
MEGABOX,상암월드컵경기장,서울,스즈메의 문단속,08:45,마포구
MEGABOX,상암월드컵경기장,서울,스즈메의 문단속,19:20,마포구
MEGABOX,상암월드컵경기장,서울,스즈메의 문단속,24:00,마포구
MEGABOX,상암월드컵경기장,서울,[응원상영] 더 퍼스트 슬램덩크,19:00,마포구
MEGABOX,상암월드컵경기장,서울,존 윅 4,07:50,마포구
MEGABOX,상암월드컵경기장,서울,존 윅 4,16:05,마포구
MEGABOX,상암월드컵경기장,서울,존 윅 4,19:25,마포구
MEGABOX,상암월드컵경기장,서울,존 윅 4,22:45,마포구
MEGABOX,상암월드컵경기장,서울,킬링 로맨스,10:20,마포구
MEGABOX,상암월드컵경기장,서울,킬링 로맨스,21:15,마포구
MEGABOX,상암월드컵경기장,서울,클로즈,08:05,마포구
MEGABOX,상암월드컵경기장,서울,리턴 투 서울,23:35,마포구
MEGABOX,상암월드컵경기장,서울,[시네도슨트 - 그리스 신화] 그리스의 황혼과 신화시대의 마감,11:00,마포구
MEGABOX,성수,서울,가디언즈 오브 갤럭시: Volume 3,21:35,성동구
MEGABOX,성수,서울,가디언즈 오브 갤럭시: Volume 3,08:40,성동구
MEGABOX,성수,서울,가디언즈 오브 갤럭시: Volume 3,11:40,성동구
MEGABOX,성수,서울,가디언즈 오브 갤럭시: Volume 3,14:40,성동구
MEGABOX,성수,서울,가디언즈 오브 갤럭시: Volume 3,17:40,성동구
MEGABOX,성수,서울,가디언즈 오브 갤럭시: Volume 3,20:40,성동구
MEGABOX,성수,서울,가디언즈 오브 갤럭시: Volume 3,09:20,성동구
MEGABOX,성수,서울,가디언즈 오브 갤럭시: Volume 3,16:40,성동구
MEGABOX,성수,서울,가디언즈 오브 갤럭시: Volume 3,19:40,성동구
MEGABOX,성수,서울,가디언즈 오브 갤럭시: Volume 3,22:40,성동구
MEGABOX,성수,서울,가디언즈 오브 갤럭시: Volume 3,12:50,성동구
MEGABOX,성수,서울,가디언즈 오브 갤럭시: Volume 3,16:10,성동구
MEGABOX,성수,서울,가디언즈 오브 갤럭시: Volume 3,19:10,성동구
MEGABOX,성수,서울,가디언즈 오브 갤럭시: Volume 3,22:10,성동구
MEGABOX,성수,서울,가디언즈 오브 갤럭시: Volume 3,10:00,성동구
MEGABOX,성수,서울,가디언즈 오브 갤럭시: Volume 3,13:30,성동구
MEGABOX,성수,서울,가디언즈 오브 갤럭시: Volume 3,17:10,성동구
MEGABOX,성수,서울,가디언즈 오브 갤럭시: Volume 3,10:50,성동구
MEGABOX,성수,서울,가디언즈 오브 갤럭시: Volume 3,15:05,성동구
MEGABOX,성수,서울,가디언즈 오브 갤럭시: Volume 3,18:30,성동구
MEGABOX,성수,서울,가디언즈 오브 갤럭시: Volume 3,21:50,성동구
MEGABOX,성수,서울,슈퍼 마리오 브라더스,13:00,성동구
MEGABOX,성수,서울,슈퍼 마리오 브라더스,17:20,성동구
MEGABOX,성수,서울,슈퍼 마리오 브라더스,08:50,성동구
MEGABOX,성수,서울,슈퍼 마리오 브라더스,10:55,성동구
MEGABOX,성수,서울,드림,20:05,성동구
MEGABOX,성수,서울,드림,11:15,성동구
MEGABOX,성수,서울,극장판 짱구는 못말려: 동물소환 닌자 배꼽수비대,15:05,성동구
MEGABOX,성수,서울,극장판 짱구는 못말려: 동물소환 닌자 배꼽수비대,19:25,성동구
MEGABOX,성수,서울,존 윅 4,09:30,성동구
MEGABOX,성수,서울,존 윅 4,20:50,성동구
MEGABOX,성수,서울,킬링 로맨스,22:40,성동구
MEGABOX,성수,서울,킬링 로맨스,09:00,성동구
MEGABOX,성수,서울,킬링 로맨스,13:50,성동구
MEGABOX,센트럴,서울,가디언즈 오브 갤럭시: Volume 3,09:00,서초구
MEGABOX,센트럴,서울,가디언즈 오브 갤럭시: Volume 3,12:00,서초구
MEGABOX,센트럴,서울,가디언즈 오브 갤럭시: Volume 3,15:00,서초구
MEGABOX,센트럴,서울,가디언즈 오브 갤럭시: Volume 3,18:00,서초구
MEGABOX,센트럴,서울,가디언즈 오브 갤럭시: Volume 3,21:00,서초구
MEGABOX,센트럴,서울,가디언즈 오브 갤럭시: Volume 3,08:00,서초구
MEGABOX,센트럴,서울,가디언즈 오브 갤럭시: Volume 3,11:00,서초구
MEGABOX,센트럴,서울,가디언즈 오브 갤럭시: Volume 3,14:00,서초구
MEGABOX,센트럴,서울,가디언즈 오브 갤럭시: Volume 3,17:00,서초구
MEGABOX,센트럴,서울,가디언즈 오브 갤럭시: Volume 3,20:00,서초구
MEGABOX,센트럴,서울,가디언즈 오브 갤럭시: Volume 3,23:00,서초구
MEGABOX,센트럴,서울,가디언즈 오브 갤럭시: Volume 3,19:15,서초구
MEGABOX,센트럴,서울,가디언즈 오브 갤럭시: Volume 3,22:15,서초구
MEGABOX,센트럴,서울,슈퍼 마리오 브라더스,20:50,서초구
MEGABOX,센트럴,서울,슈퍼 마리오 브라더스,22:55,서초구
MEGABOX,센트럴,서울,슈퍼 마리오 브라더스,10:55,서초구
MEGABOX,센트럴,서울,슈퍼 마리오 브라더스,13:00,서초구
MEGABOX,센트럴,서울,슈퍼 마리오 브라더스,15:05,서초구
MEGABOX,센트럴,서울,슈퍼 마리오 브라더스,17:10,서초구
MEGABOX,센트럴,서울,슈퍼 마리오 브라더스,08:00,서초구
MEGABOX,센트럴,서울,슈퍼 마리오 브라더스,18:25,서초구
MEGABOX,센트럴,서울,슈퍼 마리오 브라더스,10:05,서초구
MEGABOX,센트럴,서울,슈퍼 마리오 브라더스,12:10,서초구
MEGABOX,센트럴,서울,슈퍼 마리오 브라더스,14:15,서초구
MEGABOX,센트럴,서울,슈퍼 마리오 브라더스,16:20,서초구
MEGABOX,센트럴,서울,드림,18:15,서초구
MEGABOX,센트럴,서울,드림,08:20,서초구
MEGABOX,센트럴,서울,극장판 짱구는 못말려: 동물소환 닌자 배꼽수비대,11:20,서초구
MEGABOX,센트럴,서울,극장판 짱구는 못말려: 동물소환 닌자 배꼽수비대,13:30,서초구
MEGABOX,센트럴,서울,스즈메의 문단속,08:45,서초구
MEGABOX,센트럴,서울,스즈메의 문단속,15:40,서초구
MEGABOX,센트럴,서울,스즈메의 문단속,20:30,서초구
MEGABOX,센트럴,서울,스즈메의 문단속,23:00,서초구
MEGABOX,송파파크하비오,서울,가디언즈 오브 갤럭시: Volume 3,10:00,송파구
MEGABOX,송파파크하비오,서울,가디언즈 오브 갤럭시: Volume 3,13:00,송파구
MEGABOX,송파파크하비오,서울,가디언즈 오브 갤럭시: Volume 3,16:00,송파구
MEGABOX,송파파크하비오,서울,가디언즈 오브 갤럭시: Volume 3,19:00,송파구
MEGABOX,송파파크하비오,서울,가디언즈 오브 갤럭시: Volume 3,22:00,송파구
MEGABOX,송파파크하비오,서울,가디언즈 오브 갤럭시: Volume 3,13:40,송파구
MEGABOX,송파파크하비오,서울,가디언즈 오브 갤럭시: Volume 3,16:40,송파구
MEGABOX,송파파크하비오,서울,가디언즈 오브 갤럭시: Volume 3,19:40,송파구
MEGABOX,송파파크하비오,서울,가디언즈 오브 갤럭시: Volume 3,22:40,송파구
MEGABOX,송파파크하비오,서울,가디언즈 오브 갤럭시: Volume 3,09:10,송파구
MEGABOX,송파파크하비오,서울,가디언즈 오브 갤럭시: Volume 3,12:10,송파구
MEGABOX,송파파크하비오,서울,가디언즈 오브 갤럭시: Volume 3,15:10,송파구
MEGABOX,송파파크하비오,서울,가디언즈 오브 갤럭시: Volume 3,18:10,송파구
MEGABOX,송파파크하비오,서울,가디언즈 오브 갤럭시: Volume 3,21:10,송파구
MEGABOX,송파파크하비오,서울,슈퍼 마리오 브라더스,09:40,송파구
MEGABOX,송파파크하비오,서울,슈퍼 마리오 브라더스,11:45,송파구
MEGABOX,송파파크하비오,서울,슈퍼 마리오 브라더스,13:50,송파구
MEGABOX,송파파크하비오,서울,슈퍼 마리오 브라더스,15:55,송파구
MEGABOX,송파파크하비오,서울,슈퍼 마리오 브라더스,18:00,송파구
MEGABOX,송파파크하비오,서울,슈퍼 마리오 브라더스,09:20,송파구
MEGABOX,송파파크하비오,서울,슈퍼 마리오 브라더스,11:25,송파구
MEGABOX,송파파크하비오,서울,슈퍼 마리오 브라더스,13:30,송파구
MEGABOX,송파파크하비오,서울,슈퍼 마리오 브라더스,15:35,송파구
MEGABOX,송파파크하비오,서울,슈퍼 마리오 브라더스,17:40,송파구
MEGABOX,송파파크하비오,서울,슈퍼 마리오 브라더스,19:45,송파구
MEGABOX,송파파크하비오,서울,슈퍼 마리오 브라더스,21:50,송파구
MEGABOX,송파파크하비오,서울,슈퍼 마리오 브라더스,18:40,송파구
MEGABOX,송파파크하비오,서울,슈퍼 마리오 브라더스,20:40,송파구
MEGABOX,송파파크하비오,서울,슈퍼 마리오 브라더스,22:40,송파구
MEGABOX,송파파크하비오,서울,슈퍼 마리오 브라더스,10:40,송파구
MEGABOX,송파파크하비오,서울,슈퍼 마리오 브라더스,12:45,송파구
MEGABOX,송파파크하비오,서울,슈퍼 마리오 브라더스,14:50,송파구
MEGABOX,송파파크하비오,서울,슈퍼 마리오 브라더스,16:55,송파구
MEGABOX,송파파크하비오,서울,드림,09:30,송파구
MEGABOX,송파파크하비오,서울,드림,20:50,송파구
MEGABOX,송파파크하비오,서울,극장판 짱구는 못말려: 동물소환 닌자 배꼽수비대,10:00,송파구
MEGABOX,송파파크하비오,서울,극장판 짱구는 못말려: 동물소환 닌자 배꼽수비대,12:10,송파구
MEGABOX,송파파크하비오,서울,극장판 짱구는 못말려: 동물소환 닌자 배꼽수비대,14:20,송파구
MEGABOX,송파파크하비오,서울,극장판 짱구는 못말려: 동물소환 닌자 배꼽수비대,16:30,송파구
MEGABOX,송파파크하비오,서울,스즈메의 문단속,09:30,송파구
MEGABOX,송파파크하비오,서울,스즈메의 문단속,12:00,송파구
MEGABOX,송파파크하비오,서울,스즈메의 문단속,14:30,송파구
MEGABOX,송파파크하비오,서울,스즈메의 문단속,17:00,송파구
MEGABOX,송파파크하비오,서울,스즈메의 문단속,19:30,송파구
MEGABOX,송파파크하비오,서울,스즈메의 문단속,22:00,송파구
MEGABOX,송파파크하비오,서울,스즈메의 문단속,10:40,송파구
MEGABOX,송파파크하비오,서울,스즈메의 문단속,15:50,송파구
MEGABOX,송파파크하비오,서울,스즈메의 문단속,18:20,송파구
MEGABOX,송파파크하비오,서울,더 퍼스트 슬램덩크,20:05,송파구
MEGABOX,송파파크하비오,서울,더 퍼스트 슬램덩크,22:35,송파구
MEGABOX,송파파크하비오,서울,더 퍼스트 슬램덩크,13:20,송파구
MEGABOX,송파파크하비오,서울,존 윅 4,19:00,송파구
MEGABOX,송파파크하비오,서울,존 윅 4,22:20,송파구
MEGABOX,신촌,서울,가디언즈 오브 갤럭시: Volume 3,09:30,서대문구
MEGABOX,신촌,서울,가디언즈 오브 갤럭시: Volume 3,12:30,서대문구
MEGABOX,신촌,서울,가디언즈 오브 갤럭시: Volume 3,15:30,서대문구
MEGABOX,신촌,서울,가디언즈 오브 갤럭시: Volume 3,18:30,서대문구
MEGABOX,신촌,서울,가디언즈 오브 갤럭시: Volume 3,21:30,서대문구
MEGABOX,신촌,서울,가디언즈 오브 갤럭시: Volume 3,10:30,서대문구
MEGABOX,신촌,서울,가디언즈 오브 갤럭시: Volume 3,13:30,서대문구
MEGABOX,신촌,서울,가디언즈 오브 갤럭시: Volume 3,16:30,서대문구
MEGABOX,신촌,서울,가디언즈 오브 갤럭시: Volume 3,19:30,서대문구
MEGABOX,신촌,서울,가디언즈 오브 갤럭시: Volume 3,22:10,서대문구
MEGABOX,신촌,서울,가디언즈 오브 갤럭시: Volume 3,11:30,서대문구
MEGABOX,신촌,서울,가디언즈 오브 갤럭시: Volume 3,14:30,서대문구
MEGABOX,신촌,서울,가디언즈 오브 갤럭시: Volume 3,17:30,서대문구
MEGABOX,신촌,서울,가디언즈 오브 갤럭시: Volume 3,20:30,서대문구
MEGABOX,신촌,서울,슈퍼 마리오 브라더스,14:15,서대문구
MEGABOX,신촌,서울,슈퍼 마리오 브라더스,16:20,서대문구
MEGABOX,신촌,서울,슈퍼 마리오 브라더스,18:25,서대문구
MEGABOX,신촌,서울,슈퍼 마리오 브라더스,20:30,서대문구
MEGABOX,신촌,서울,슈퍼 마리오 브라더스,09:30,서대문구
MEGABOX,신촌,서울,슈퍼 마리오 브라더스,11:35,서대문구
MEGABOX,신촌,서울,드림,09:15,서대문구
MEGABOX,신촌,서울,드림,11:50,서대문구
MEGABOX,신촌,서울,드림,14:30,서대문구
MEGABOX,신촌,서울,드림,19:40,서대문구
MEGABOX,신촌,서울,드림,22:15,서대문구
MEGABOX,신촌,서울,극장판 짱구는 못말려: 동물소환 닌자 배꼽수비대,13:10,서대문구
MEGABOX,신촌,서울,극장판 짱구는 못말려: 동물소환 닌자 배꼽수비대,15:20,서대문구
MEGABOX,신촌,서울,극장판 짱구는 못말려: 동물소환 닌자 배꼽수비대,17:30,서대문구
MEGABOX,신촌,서울,극장판 짱구는 못말려: 동물소환 닌자 배꼽수비대,19:40,서대문구
MEGABOX,신촌,서울,극장판 짱구는 못말려: 동물소환 닌자 배꼽수비대,11:55,서대문구
MEGABOX,신촌,서울,스즈메의 문단속,09:40,서대문구
MEGABOX,신촌,서울,스즈메의 문단속,17:20,서대문구
MEGABOX,신촌,서울,스즈메의 문단속,22:25,서대문구
MEGABOX,신촌,서울,더 퍼스트 슬램덩크,09:20,서대문구
MEGABOX,신촌,서울,더 퍼스트 슬램덩크,22:30,서대문구
MEGABOX,신촌,서울,더 퍼스트 슬램덩크,19:50,서대문구
MEGABOX,신촌,서울,더 퍼스트 슬램덩크,14:45,서대문구
MEGABOX,신촌,서울,존 윅 4,09:50,서대문구
MEGABOX,신촌,서울,존 윅 4,13:40,서대문구
MEGABOX,신촌,서울,존 윅 4,17:00,서대문구
MEGABOX,신촌,서울,존 윅 4,20:20,서대문구
MEGABOX,신촌,서울,킬링 로맨스,17:15,서대문구
MEGABOX,신촌,서울,[F] 클로즈,09:15,서대문구
MEGABOX,신촌,서울,[F] 리턴 투 서울,12:15,서대문구
MEGABOX,이수,서울,가디언즈 오브 갤럭시: Volume 3,08:10,동작구
MEGABOX,이수,서울,가디언즈 오브 갤럭시: Volume 3,11:10,동작구
MEGABOX,이수,서울,가디언즈 오브 갤럭시: Volume 3,14:10,동작구
MEGABOX,이수,서울,가디언즈 오브 갤럭시: Volume 3,17:10,동작구
MEGABOX,이수,서울,가디언즈 오브 갤럭시: Volume 3,20:10,동작구
MEGABOX,이수,서울,가디언즈 오브 갤럭시: Volume 3,23:10,동작구
MEGABOX,이수,서울,가디언즈 오브 갤럭시: Volume 3,09:10,동작구
MEGABOX,이수,서울,가디언즈 오브 갤럭시: Volume 3,12:10,동작구
MEGABOX,이수,서울,가디언즈 오브 갤럭시: Volume 3,15:10,동작구
MEGABOX,이수,서울,가디언즈 오브 갤럭시: Volume 3,18:10,동작구
MEGABOX,이수,서울,가디언즈 오브 갤럭시: Volume 3,21:10,동작구
MEGABOX,이수,서울,가디언즈 오브 갤럭시: Volume 3,10:10,동작구
MEGABOX,이수,서울,가디언즈 오브 갤럭시: Volume 3,13:10,동작구
MEGABOX,이수,서울,가디언즈 오브 갤럭시: Volume 3,16:10,동작구
MEGABOX,이수,서울,가디언즈 오브 갤럭시: Volume 3,19:10,동작구
MEGABOX,이수,서울,슈퍼 마리오 브라더스,08:30,동작구
MEGABOX,이수,서울,슈퍼 마리오 브라더스,12:35,동작구
MEGABOX,이수,서울,슈퍼 마리오 브라더스,18:50,동작구
MEGABOX,이수,서울,슈퍼 마리오 브라더스,20:50,동작구
MEGABOX,이수,서울,슈퍼 마리오 브라더스,22:50,동작구
MEGABOX,이수,서울,슈퍼 마리오 브라더스,10:30,동작구
MEGABOX,이수,서울,슈퍼 마리오 브라더스,14:35,동작구
MEGABOX,이수,서울,슈퍼 마리오 브라더스,16:40,동작구
MEGABOX,이수,서울,슈퍼 마리오 브라더스,13:40,동작구
MEGABOX,이수,서울,슈퍼 마리오 브라더스,17:50,동작구
MEGABOX,이수,서울,슈퍼 마리오 브라더스,09:30,동작구
MEGABOX,이수,서울,드림,08:00,동작구
MEGABOX,이수,서울,드림,13:00,동작구
MEGABOX,이수,서울,드림,22:10,동작구
MEGABOX,이수,서울,극장판 짱구는 못말려: 동물소환 닌자 배꼽수비대,08:00,동작구
MEGABOX,이수,서울,극장판 짱구는 못말려: 동물소환 닌자 배꼽수비대,11:30,동작구
MEGABOX,이수,서울,극장판 짱구는 못말려: 동물소환 닌자 배꼽수비대,15:40,동작구
MEGABOX,이수,서울,극장판 짱구는 못말려: 동물소환 닌자 배꼽수비대,19:50,동작구
MEGABOX,이수,서울,스즈메의 문단속,18:00,동작구
MEGABOX,이수,서울,더 퍼스트 슬램덩크,22:00,동작구
MEGABOX,이수,서울,존 윅 4,23:00,동작구
MEGABOX,이수,서울,킬링 로맨스,10:40,동작구
MEGABOX,이수,서울,킬링 로맨스,15:45,동작구
MEGABOX,이수,서울,리바운드,20:30,동작구
MEGABOX,창동,서울,가디언즈 오브 갤럭시: Volume 3,10:25,도봉구
MEGABOX,창동,서울,가디언즈 오브 갤럭시: Volume 3,20:45,도봉구
MEGABOX,창동,서울,가디언즈 오브 갤럭시: Volume 3,12:05,도봉구
MEGABOX,창동,서울,가디언즈 오브 갤럭시: Volume 3,17:10,도봉구
MEGABOX,창동,서울,가디언즈 오브 갤럭시: Volume 3,09:25,도봉구
MEGABOX,창동,서울,가디언즈 오브 갤럭시: Volume 3,14:35,도봉구
MEGABOX,창동,서울,가디언즈 오브 갤럭시: Volume 3,19:45,도봉구
MEGABOX,창동,서울,가디언즈 오브 갤럭시: Volume 3,18:30,도봉구
MEGABOX,창동,서울,슈퍼 마리오 브라더스,10:00,도봉구
MEGABOX,창동,서울,슈퍼 마리오 브라더스,15:05,도봉구
MEGABOX,창동,서울,슈퍼 마리오 브라더스,19:00,도봉구
MEGABOX,창동,서울,슈퍼 마리오 브라더스,10:40,도봉구
MEGABOX,창동,서울,슈퍼 마리오 브라더스,12:45,도봉구
MEGABOX,창동,서울,슈퍼 마리오 브라더스,14:50,도봉구
MEGABOX,창동,서울,슈퍼 마리오 브라더스,16:55,도봉구
MEGABOX,창동,서울,슈퍼 마리오 브라더스,21:30,도봉구
MEGABOX,창동,서울,슈퍼 마리오 브라더스,11:45,도봉구
MEGABOX,창동,서울,슈퍼 마리오 브라더스,13:50,도봉구
MEGABOX,창동,서울,드림,13:25,도봉구
MEGABOX,창동,서울,드림,18:10,도봉구
MEGABOX,창동,서울,드림,21:05,도봉구
MEGABOX,창동,서울,극장판 짱구는 못말려: 동물소환 닌자 배꼽수비대,16:00,도봉구
MEGABOX,창동,서울,극장판 짱구는 못말려: 동물소환 닌자 배꼽수비대,12:25,도봉구
MEGABOX,창동,서울,극장판 짱구는 못말려: 동물소환 닌자 배꼽수비대,17:35,도봉구
MEGABOX,창동,서울,극장판 짱구는 못말려: 동물소환 닌자 배꼽수비대,09:35,도봉구
MEGABOX,창동,서울,스즈메의 문단속,15:55,도봉구
MEGABOX,창동,서울,존 윅 4,20:10,도봉구
MEGABOX,코엑스,서울,가디언즈 오브 갤럭시: Volume 3,08:00,강남구
MEGABOX,코엑스,서울,가디언즈 오브 갤럭시: Volume 3,11:10,강남구
MEGABOX,코엑스,서울,가디언즈 오브 갤럭시: Volume 3,17:30,강남구
MEGABOX,코엑스,서울,가디언즈 오브 갤럭시: Volume 3,20:40,강남구
MEGABOX,코엑스,서울,가디언즈 오브 갤럭시: Volume 3,23:50,강남구
MEGABOX,코엑스,서울,가디언즈 오브 갤럭시: Volume 3,14:20,강남구
MEGABOX,코엑스,서울,가디언즈 오브 갤럭시: Volume 3,09:00,강남구
MEGABOX,코엑스,서울,가디언즈 오브 갤럭시: Volume 3,12:05,강남구
MEGABOX,코엑스,서울,가디언즈 오브 갤럭시: Volume 3,15:10,강남구
MEGABOX,코엑스,서울,가디언즈 오브 갤럭시: Volume 3,18:20,강남구
MEGABOX,코엑스,서울,가디언즈 오브 갤럭시: Volume 3,21:25,강남구
MEGABOX,코엑스,서울,가디언즈 오브 갤럭시: Volume 3,24:30,강남구
MEGABOX,코엑스,서울,가디언즈 오브 갤럭시: Volume 3,09:40,강남구
MEGABOX,코엑스,서울,가디언즈 오브 갤럭시: Volume 3,12:45,강남구
MEGABOX,코엑스,서울,가디언즈 오브 갤럭시: Volume 3,15:50,강남구
MEGABOX,코엑스,서울,가디언즈 오브 갤럭시: Volume 3,18:55,강남구
MEGABOX,코엑스,서울,가디언즈 오브 갤럭시: Volume 3,22:00,강남구
MEGABOX,코엑스,서울,가디언즈 오브 갤럭시: Volume 3,25:00,강남구
MEGABOX,코엑스,서울,가디언즈 오브 갤럭시: Volume 3,10:20,강남구
MEGABOX,코엑스,서울,가디언즈 오브 갤럭시: Volume 3,13:25,강남구
MEGABOX,코엑스,서울,가디언즈 오브 갤럭시: Volume 3,16:30,강남구
MEGABOX,코엑스,서울,가디언즈 오브 갤럭시: Volume 3,19:35,강남구
MEGABOX,코엑스,서울,가디언즈 오브 갤럭시: Volume 3,22:40,강남구
MEGABOX,코엑스,서울,가디언즈 오브 갤럭시: Volume 3,11:00,강남구
MEGABOX,코엑스,서울,가디언즈 오브 갤럭시: Volume 3,14:05,강남구
MEGABOX,코엑스,서울,가디언즈 오브 갤럭시: Volume 3,17:10,강남구
MEGABOX,코엑스,서울,가디언즈 오브 갤럭시: Volume 3,20:15,강남구
MEGABOX,코엑스,서울,가디언즈 오브 갤럭시: Volume 3,08:30,강남구
MEGABOX,코엑스,서울,가디언즈 오브 갤럭시: Volume 3,11:40,강남구
MEGABOX,코엑스,서울,가디언즈 오브 갤럭시: Volume 3,14:50,강남구
MEGABOX,코엑스,서울,가디언즈 오브 갤럭시: Volume 3,18:00,강남구
MEGABOX,코엑스,서울,가디언즈 오브 갤럭시: Volume 3,21:10,강남구
MEGABOX,코엑스,서울,가디언즈 오브 갤럭시: Volume 3,09:30,강남구
MEGABOX,코엑스,서울,가디언즈 오브 갤럭시: Volume 3,12:40,강남구
MEGABOX,코엑스,서울,가디언즈 오브 갤럭시: Volume 3,16:00,강남구
MEGABOX,코엑스,서울,가디언즈 오브 갤럭시: Volume 3,21:40,강남구
MEGABOX,코엑스,서울,가디언즈 오브 갤럭시: Volume 3,14:15,강남구
MEGABOX,코엑스,서울,가디언즈 오브 갤럭시: Volume 3,19:45,강남구
MEGABOX,코엑스,서울,가디언즈 오브 갤럭시: Volume 3,23:00,강남구
MEGABOX,코엑스,서울,슈퍼 마리오 브라더스,08:00,강남구
MEGABOX,코엑스,서울,슈퍼 마리오 브라더스,10:05,강남구
MEGABOX,코엑스,서울,슈퍼 마리오 브라더스,12:10,강남구
MEGABOX,코엑스,서울,슈퍼 마리오 브라더스,14:15,강남구
MEGABOX,코엑스,서울,슈퍼 마리오 브라더스,16:20,강남구
MEGABOX,코엑스,서울,슈퍼 마리오 브라더스,18:25,강남구
MEGABOX,코엑스,서울,슈퍼 마리오 브라더스,20:30,강남구
MEGABOX,코엑스,서울,슈퍼 마리오 브라더스,22:35,강남구
MEGABOX,코엑스,서울,슈퍼 마리오 브라더스,24:40,강남구
MEGABOX,코엑스,서울,슈퍼 마리오 브라더스,11:30,강남구
MEGABOX,코엑스,서울,슈퍼 마리오 브라더스,15:40,강남구
MEGABOX,코엑스,서울,슈퍼 마리오 브라더스,19:55,강남구
MEGABOX,코엑스,서울,슈퍼 마리오 브라더스,22:10,강남구
MEGABOX,코엑스,서울,슈퍼 마리오 브라더스,24:15,강남구
MEGABOX,코엑스,서울,슈퍼 마리오 브라더스,09:25,강남구
MEGABOX,코엑스,서울,슈퍼 마리오 브라더스,13:35,강남구
MEGABOX,코엑스,서울,슈퍼 마리오 브라더스,17:50,강남구
MEGABOX,코엑스,서울,슈퍼 마리오 브라더스,08:25,강남구
MEGABOX,코엑스,서울,슈퍼 마리오 브라더스,24:20,강남구
MEGABOX,코엑스,서울,슈퍼 마리오 브라더스,19:20,강남구
MEGABOX,코엑스,서울,슈퍼 마리오 브라더스,16:30,강남구
MEGABOX,코엑스,서울,슈퍼 마리오 브라더스,18:35,강남구
MEGABOX,코엑스,서울,슈퍼 마리오 브라더스,23:20,강남구
MEGABOX,코엑스,서울,슈퍼 마리오 브라더스,09:50,강남구
MEGABOX,코엑스,서울,슈퍼 마리오 브라더스,12:00,강남구
MEGABOX,코엑스,서울,슈퍼 마리오 브라더스,17:30,강남구
MEGABOX,코엑스,서울,드림,08:30,강남구
MEGABOX,코엑스,서울,드림,11:05,강남구
MEGABOX,코엑스,서울,드림,13:40,강남구
MEGABOX,코엑스,서울,드림,16:15,강남구
MEGABOX,코엑스,서울,드림,18:50,강남구
MEGABOX,코엑스,서울,드림,21:25,강남구
MEGABOX,코엑스,서울,드림,24:00,강남구
MEGABOX,코엑스,서울,드림,09:50,강남구
MEGABOX,코엑스,서울,드림,12:25,강남구
MEGABOX,코엑스,서울,드림,15:00,강남구
MEGABOX,코엑스,서울,드림,17:40,강남구
MEGABOX,코엑스,서울,드림,20:25,강남구
MEGABOX,코엑스,서울,드림,23:10,강남구
MEGABOX,코엑스,서울,드림,10:30,강남구
MEGABOX,코엑스,서울,드림,20:40,강남구
MEGABOX,코엑스,서울,극장판 짱구는 못말려: 동물소환 닌자 배꼽수비대,08:10,강남구
MEGABOX,코엑스,서울,극장판 짱구는 못말려: 동물소환 닌자 배꼽수비대,13:50,강남구
MEGABOX,코엑스,서울,스즈메의 문단속,22:25,강남구
MEGABOX,코엑스,서울,스즈메의 문단속,25:00,강남구
MEGABOX,코엑스,서울,스즈메의 문단속,12:00,강남구
MEGABOX,코엑스,서울,[응원상영] 더 퍼스트 슬램덩크,19:30,강남구
MEGABOX,코엑스,서울,[응원상영] 더 퍼스트 슬램덩크,18:00,강남구
MEGABOX,코엑스,서울,더 퍼스트 슬램덩크,08:20,강남구
MEGABOX,코엑스,서울,더 퍼스트 슬램덩크,23:20,강남구
MEGABOX,코엑스,서울,존 윅 4,10:30,강남구
MEGABOX,코엑스,서울,존 윅 4,16:00,강남구
MEGABOX,코엑스,서울,존 윅 4,08:40,강남구
MEGABOX,코엑스,서울,존 윅 4,14:35,강남구
MEGABOX,코엑스,서울,존 윅 4,20:45,강남구
MEGABOX,코엑스,서울,존 윅 4,24:05,강남구
MEGABOX,코엑스,서울,존 윅 4,13:10,강남구
MEGABOX,코엑스,서울,존 윅 4,08:50,강남구
MEGABOX,코엑스,서울,존 윅 4,12:15,강남구
MEGABOX,코엑스,서울,존 윅 4,15:35,강남구
MEGABOX,코엑스,서울,존 윅 4,19:00,강남구
MEGABOX,코엑스,서울,존 윅 4,22:20,강남구
MEGABOX,코엑스,서울,[F] 무명,09:00,강남구
MEGABOX,코엑스,서울,[F] 무명,11:45,강남구
MEGABOX,코엑스,서울,[F] 무명,16:55,강남구
MEGABOX,코엑스,서울,[F] 무명,22:10,강남구
MEGABOX,코엑스,서울,[F] 클로즈,15:40,강남구
MEGABOX,코엑스,서울,[F] 클로즈,20:25,강남구
MEGABOX,코엑스,서울,[F] 리턴 투 서울,17:55,강남구
MEGABOX,코엑스,서울,[F] 리턴 투 서울,22:40,강남구
MEGABOX,코엑스,서울,[F] 이니셰린의 밴시,14:30,강남구
MEGABOX,코엑스,서울,[F] 이니셰린의 밴시,19:40,강남구
MEGABOX,코엑스,서울,[F] 더 웨일,10:00,강남구
MEGABOX,코엑스,서울,[F] TAR 타르,12:30,강남구
MEGABOX,홍대,서울,가디언즈 오브 갤럭시: Volume 3,09:30,마포구
MEGABOX,홍대,서울,가디언즈 오브 갤럭시: Volume 3,12:25,마포구
MEGABOX,홍대,서울,가디언즈 오브 갤럭시: Volume 3,15:20,마포구
MEGABOX,홍대,서울,가디언즈 오브 갤럭시: Volume 3,18:15,마포구
MEGABOX,홍대,서울,가디언즈 오브 갤럭시: Volume 3,21:10,마포구
MEGABOX,홍대,서울,가디언즈 오브 갤럭시: Volume 3,10:45,마포구
MEGABOX,홍대,서울,가디언즈 오브 갤럭시: Volume 3,13:45,마포구
MEGABOX,홍대,서울,가디언즈 오브 갤럭시: Volume 3,19:40,마포구
MEGABOX,홍대,서울,가디언즈 오브 갤럭시: Volume 3,22:35,마포구
MEGABOX,홍대,서울,슈퍼 마리오 브라더스,09:45,마포구
MEGABOX,홍대,서울,슈퍼 마리오 브라더스,13:00,마포구
MEGABOX,홍대,서울,슈퍼 마리오 브라더스,17:40,마포구
MEGABOX,홍대,서울,슈퍼 마리오 브라더스,20:00,마포구
MEGABOX,홍대,서울,드림,09:35,마포구
MEGABOX,홍대,서울,드림,12:05,마포구
MEGABOX,홍대,서울,드림,16:50,마포구
MEGABOX,홍대,서울,드림,21:45,마포구
MEGABOX,홍대,서울,극장판 짱구는 못말려: 동물소환 닌자 배꼽수비대,11:45,마포구
MEGABOX,홍대,서울,극장판 짱구는 못말려: 동물소환 닌자 배꼽수비대,16:35,마포구
MEGABOX,홍대,서울,극장판 짱구는 못말려: 동물소환 닌자 배꼽수비대,21:00,마포구
MEGABOX,홍대,서울,스즈메의 문단속,22:00,마포구
MEGABOX,홍대,서울,[응원상영] 더 퍼스트 슬램덩크,14:00,마포구
MEGABOX,홍대,서울,더 퍼스트 슬램덩크,17:05,마포구
MEGABOX,홍대,서울,더 퍼스트 슬램덩크,10:25,마포구
MEGABOX,홍대,서울,킬링 로맨스,14:35,마포구
MEGABOX,홍대,서울,킬링 로맨스,19:25,마포구
MEGABOX,홍대,서울,(자막) 너의 이름은.,18:45,마포구
MEGABOX,화곡,서울,가디언즈 오브 갤럭시: Volume 3,09:30,강서구
MEGABOX,화곡,서울,가디언즈 오브 갤럭시: Volume 3,12:30,강서구
MEGABOX,화곡,서울,가디언즈 오브 갤럭시: Volume 3,15:30,강서구
MEGABOX,화곡,서울,가디언즈 오브 갤럭시: Volume 3,18:30,강서구
MEGABOX,화곡,서울,가디언즈 오브 갤럭시: Volume 3,21:30,강서구
MEGABOX,화곡,서울,가디언즈 오브 갤럭시: Volume 3,20:00,강서구
MEGABOX,화곡,서울,가디언즈 오브 갤럭시: Volume 3,23:00,강서구
MEGABOX,화곡,서울,가디언즈 오브 갤럭시: Volume 3,09:00,강서구
MEGABOX,화곡,서울,가디언즈 오브 갤럭시: Volume 3,12:00,강서구
MEGABOX,화곡,서울,가디언즈 오브 갤럭시: Volume 3,15:00,강서구
MEGABOX,화곡,서울,가디언즈 오브 갤럭시: Volume 3,18:00,강서구
MEGABOX,화곡,서울,가디언즈 오브 갤럭시: Volume 3,21:00,강서구
MEGABOX,화곡,서울,슈퍼 마리오 브라더스,09:15,강서구
MEGABOX,화곡,서울,슈퍼 마리오 브라더스,11:20,강서구
MEGABOX,화곡,서울,슈퍼 마리오 브라더스,13:25,강서구
MEGABOX,화곡,서울,슈퍼 마리오 브라더스,15:30,강서구
MEGABOX,화곡,서울,슈퍼 마리오 브라더스,18:20,강서구
MEGABOX,화곡,서울,슈퍼 마리오 브라더스,12:05,강서구
MEGABOX,화곡,서울,슈퍼 마리오 브라더스,14:10,강서구
MEGABOX,화곡,서울,슈퍼 마리오 브라더스,16:15,강서구
MEGABOX,화곡,서울,드림,17:35,강서구
MEGABOX,화곡,서울,드림,20:10,강서구
MEGABOX,화곡,서울,드림,09:30,강서구
MEGABOX,화곡,서울,극장판 짱구는 못말려: 동물소환 닌자 배꼽수비대,08:45,강서구
MEGABOX,화곡,서울,극장판 짱구는 못말려: 동물소환 닌자 배꼽수비대,10:55,강서구
MEGABOX,화곡,서울,극장판 짱구는 못말려: 동물소환 닌자 배꼽수비대,13:05,강서구
MEGABOX,화곡,서울,극장판 짱구는 못말려: 동물소환 닌자 배꼽수비대,15:15,강서구
MEGABOX,화곡,서울,스즈메의 문단속,17:25,강서구
MEGABOX,화곡,서울,존 윅 4,22:50,강서구
MEGABOX,화곡,서울,존 윅 4,20:25,강서구
MEGABOX,ARTNINE,서울,클로즈,10:00,동작구
MEGABOX,ARTNINE,서울,클로즈,13:50,동작구
MEGABOX,ARTNINE,서울,클로즈,18:00,동작구
MEGABOX,ARTNINE,서울,리턴 투 서울,10:00,동작구
MEGABOX,ARTNINE,서울,리턴 투 서울,14:40,동작구
MEGABOX,ARTNINE,서울,리턴 투 서울,17:00,동작구
MEGABOX,ARTNINE,서울,리턴 투 서울,19:20,동작구
MEGABOX,ARTNINE,서울,이니셰린의 밴시,15:50,동작구
MEGABOX,ARTNINE,서울,라이스보이 슬립스,12:20,동작구
MEGABOX,ARTNINE,서울,오디션,20:00,동작구
MEGABOX,ARTNINE,서울,자전거 도둑,12:00,동작구
MEGABOX,고양스타필드,경기,가디언즈 오브 갤럭시: Volume 3,10:20,고양시
MEGABOX,고양스타필드,경기,가디언즈 오브 갤럭시: Volume 3,16:20,고양시
MEGABOX,고양스타필드,경기,가디언즈 오브 갤럭시: Volume 3,19:20,고양시
MEGABOX,고양스타필드,경기,가디언즈 오브 갤럭시: Volume 3,22:20,고양시
MEGABOX,고양스타필드,경기,가디언즈 오브 갤럭시: Volume 3,08:50,고양시
MEGABOX,고양스타필드,경기,가디언즈 오브 갤럭시: Volume 3,11:50,고양시
MEGABOX,고양스타필드,경기,가디언즈 오브 갤럭시: Volume 3,14:50,고양시
MEGABOX,고양스타필드,경기,가디언즈 오브 갤럭시: Volume 3,17:50,고양시
MEGABOX,고양스타필드,경기,가디언즈 오브 갤럭시: Volume 3,20:50,고양시
MEGABOX,고양스타필드,경기,가디언즈 오브 갤럭시: Volume 3,09:40,고양시
MEGABOX,고양스타필드,경기,가디언즈 오브 갤럭시: Volume 3,12:40,고양시
MEGABOX,고양스타필드,경기,가디언즈 오브 갤럭시: Volume 3,15:40,고양시
MEGABOX,고양스타필드,경기,가디언즈 오브 갤럭시: Volume 3,18:40,고양시
MEGABOX,고양스타필드,경기,가디언즈 오브 갤럭시: Volume 3,21:40,고양시
MEGABOX,고양스타필드,경기,가디언즈 오브 갤럭시: Volume 3,08:00,고양시
MEGABOX,고양스타필드,경기,가디언즈 오브 갤럭시: Volume 3,11:00,고양시
MEGABOX,고양스타필드,경기,가디언즈 오브 갤럭시: Volume 3,14:00,고양시
MEGABOX,고양스타필드,경기,가디언즈 오브 갤럭시: Volume 3,17:00,고양시
MEGABOX,고양스타필드,경기,가디언즈 오브 갤럭시: Volume 3,20:00,고양시
MEGABOX,고양스타필드,경기,가디언즈 오브 갤럭시: Volume 3,23:00,고양시
MEGABOX,고양스타필드,경기,슈퍼 마리오 브라더스,19:00,고양시
MEGABOX,고양스타필드,경기,슈퍼 마리오 브라더스,21:00,고양시
MEGABOX,고양스타필드,경기,슈퍼 마리오 브라더스,23:00,고양시
MEGABOX,고양스타필드,경기,슈퍼 마리오 브라더스,09:00,고양시
MEGABOX,고양스타필드,경기,슈퍼 마리오 브라더스,11:00,고양시
MEGABOX,고양스타필드,경기,슈퍼 마리오 브라더스,13:00,고양시
MEGABOX,고양스타필드,경기,슈퍼 마리오 브라더스,15:00,고양시
MEGABOX,고양스타필드,경기,슈퍼 마리오 브라더스,17:00,고양시
MEGABOX,고양스타필드,경기,슈퍼 마리오 브라더스,08:10,고양시
MEGABOX,고양스타필드,경기,슈퍼 마리오 브라더스,10:10,고양시
MEGABOX,고양스타필드,경기,슈퍼 마리오 브라더스,12:10,고양시
MEGABOX,고양스타필드,경기,슈퍼 마리오 브라더스,14:10,고양시
MEGABOX,고양스타필드,경기,슈퍼 마리오 브라더스,20:10,고양시
MEGABOX,고양스타필드,경기,슈퍼 마리오 브라더스,22:10,고양시
MEGABOX,고양스타필드,경기,슈퍼 마리오 브라더스,09:40,고양시
MEGABOX,고양스타필드,경기,슈퍼 마리오 브라더스,11:40,고양시
MEGABOX,고양스타필드,경기,슈퍼 마리오 브라더스,13:40,고양시
MEGABOX,고양스타필드,경기,슈퍼 마리오 브라더스,15:40,고양시
MEGABOX,고양스타필드,경기,슈퍼 마리오 브라더스,17:40,고양시
MEGABOX,고양스타필드,경기,드림,09:20,고양시
MEGABOX,고양스타필드,경기,드림,11:55,고양시
MEGABOX,고양스타필드,경기,드림,14:30,고양시
MEGABOX,고양스타필드,경기,드림,17:05,고양시
MEGABOX,고양스타필드,경기,드림,19:40,고양시
MEGABOX,고양스타필드,경기,드림,22:15,고양시
MEGABOX,고양스타필드,경기,극장판 짱구는 못말려: 동물소환 닌자 배꼽수비대,13:20,고양시
MEGABOX,고양스타필드,경기,극장판 짱구는 못말려: 동물소환 닌자 배꼽수비대,08:30,고양시
MEGABOX,고양스타필드,경기,극장판 짱구는 못말려: 동물소환 닌자 배꼽수비대,10:40,고양시
MEGABOX,고양스타필드,경기,극장판 짱구는 못말려: 동물소환 닌자 배꼽수비대,12:50,고양시
MEGABOX,고양스타필드,경기,극장판 짱구는 못말려: 동물소환 닌자 배꼽수비대,15:00,고양시
MEGABOX,고양스타필드,경기,극장판 짱구는 못말려: 동물소환 닌자 배꼽수비대,17:10,고양시
MEGABOX,고양스타필드,경기,스즈메의 문단속,19:40,고양시
MEGABOX,고양스타필드,경기,스즈메의 문단속,22:10,고양시
MEGABOX,고양스타필드,경기,존 윅 4,16:10,고양시
MEGABOX,고양스타필드,경기,존 윅 4,19:25,고양시
MEGABOX,고양스타필드,경기,존 윅 4,22:45,고양시
MEGABOX,광명AK플라자,경기,가디언즈 오브 갤럭시: Volume 3,11:30,광명시
MEGABOX,광명AK플라자,경기,가디언즈 오브 갤럭시: Volume 3,14:30,광명시
MEGABOX,광명AK플라자,경기,가디언즈 오브 갤럭시: Volume 3,17:40,광명시
MEGABOX,광명AK플라자,경기,가디언즈 오브 갤럭시: Volume 3,20:50,광명시
MEGABOX,광명AK플라자,경기,가디언즈 오브 갤럭시: Volume 3,15:20,광명시
MEGABOX,광명AK플라자,경기,가디언즈 오브 갤럭시: Volume 3,08:50,광명시
MEGABOX,광명AK플라자,경기,가디언즈 오브 갤럭시: Volume 3,20:00,광명시
MEGABOX,광명AK플라자,경기,가디언즈 오브 갤럭시: Volume 3,10:00,광명시
MEGABOX,광명AK플라자,경기,가디언즈 오브 갤럭시: Volume 3,13:00,광명시
MEGABOX,광명AK플라자,경기,가디언즈 오브 갤럭시: Volume 3,16:00,광명시
MEGABOX,광명AK플라자,경기,가디언즈 오브 갤럭시: Volume 3,19:00,광명시
MEGABOX,광명AK플라자,경기,가디언즈 오브 갤럭시: Volume 3,22:00,광명시
MEGABOX,광명AK플라자,경기,슈퍼 마리오 브라더스,10:50,광명시
MEGABOX,광명AK플라자,경기,슈퍼 마리오 브라더스,18:00,광명시
MEGABOX,광명AK플라자,경기,슈퍼 마리오 브라더스,20:00,광명시
MEGABOX,광명AK플라자,경기,슈퍼 마리오 브라더스,11:45,광명시
MEGABOX,광명AK플라자,경기,슈퍼 마리오 브라더스,13:50,광명시
MEGABOX,광명AK플라자,경기,슈퍼 마리오 브라더스,15:55,광명시
MEGABOX,광명AK플라자,경기,슈퍼 마리오 브라더스,14:45,광명시
MEGABOX,광명AK플라자,경기,슈퍼 마리오 브라더스,08:45,광명시
MEGABOX,광명AK플라자,경기,슈퍼 마리오 브라더스,10:45,광명시
MEGABOX,광명AK플라자,경기,슈퍼 마리오 브라더스,12:45,광명시
MEGABOX,광명AK플라자,경기,드림,09:05,광명시
MEGABOX,광명AK플라자,경기,드림,16:10,광명시
MEGABOX,광명AK플라자,경기,드림,21:20,광명시
MEGABOX,광명AK플라자,경기,극장판 짱구는 못말려: 동물소환 닌자 배꼽수비대,08:45,광명시
MEGABOX,광명AK플라자,경기,극장판 짱구는 못말려: 동물소환 닌자 배꼽수비대,18:15,광명시
MEGABOX,광명AK플라자,경기,극장판 짱구는 못말려: 동물소환 닌자 배꼽수비대,22:00,광명시
MEGABOX,광명AK플라자,경기,극장판 짱구는 못말려: 동물소환 닌자 배꼽수비대,11:35,광명시
MEGABOX,광명AK플라자,경기,스즈메의 문단속,20:25,광명시
MEGABOX,광명AK플라자,경기,스즈메의 문단속,13:40,광명시
MEGABOX,광명AK플라자,경기,더 퍼스트 슬램덩크,12:50,광명시
MEGABOX,광명AK플라자,경기,더 퍼스트 슬램덩크,18:45,광명시
MEGABOX,광명AK플라자,경기,존 윅 4,16:45,광명시
MEGABOX,광명AK플라자,경기,리바운드,09:00,광명시
MEGABOX,광명소하,경기,대외비,26:00,광명시
MEGABOX,금정AK플라자,경기,가디언즈 오브 갤럭시: Volume 3,09:30,군포시
MEGABOX,금정AK플라자,경기,가디언즈 오브 갤럭시: Volume 3,12:30,군포시
MEGABOX,금정AK플라자,경기,가디언즈 오브 갤럭시: Volume 3,15:30,군포시
MEGABOX,금정AK플라자,경기,가디언즈 오브 갤럭시: Volume 3,18:30,군포시
MEGABOX,금정AK플라자,경기,가디언즈 오브 갤럭시: Volume 3,21:30,군포시
MEGABOX,금정AK플라자,경기,가디언즈 오브 갤럭시: Volume 3,10:15,군포시
MEGABOX,금정AK플라자,경기,가디언즈 오브 갤럭시: Volume 3,13:15,군포시
MEGABOX,금정AK플라자,경기,가디언즈 오브 갤럭시: Volume 3,16:15,군포시
MEGABOX,금정AK플라자,경기,가디언즈 오브 갤럭시: Volume 3,19:15,군포시
MEGABOX,금정AK플라자,경기,가디언즈 오브 갤럭시: Volume 3,22:15,군포시
MEGABOX,금정AK플라자,경기,가디언즈 오브 갤럭시: Volume 3,08:45,군포시
MEGABOX,금정AK플라자,경기,가디언즈 오브 갤럭시: Volume 3,11:45,군포시
MEGABOX,금정AK플라자,경기,가디언즈 오브 갤럭시: Volume 3,14:45,군포시
MEGABOX,금정AK플라자,경기,가디언즈 오브 갤럭시: Volume 3,17:45,군포시
MEGABOX,금정AK플라자,경기,가디언즈 오브 갤럭시: Volume 3,20:45,군포시
MEGABOX,금정AK플라자,경기,가디언즈 오브 갤럭시: Volume 3,08:00,군포시
MEGABOX,금정AK플라자,경기,가디언즈 오브 갤럭시: Volume 3,11:00,군포시
MEGABOX,금정AK플라자,경기,가디언즈 오브 갤럭시: Volume 3,14:00,군포시
MEGABOX,금정AK플라자,경기,가디언즈 오브 갤럭시: Volume 3,17:00,군포시
MEGABOX,금정AK플라자,경기,가디언즈 오브 갤럭시: Volume 3,20:00,군포시
MEGABOX,금정AK플라자,경기,가디언즈 오브 갤럭시: Volume 3,23:00,군포시
MEGABOX,금정AK플라자,경기,슈퍼 마리오 브라더스,09:30,군포시
MEGABOX,금정AK플라자,경기,슈퍼 마리오 브라더스,11:30,군포시
MEGABOX,금정AK플라자,경기,슈퍼 마리오 브라더스,13:30,군포시
MEGABOX,금정AK플라자,경기,슈퍼 마리오 브라더스,15:30,군포시
MEGABOX,금정AK플라자,경기,슈퍼 마리오 브라더스,08:30,군포시
MEGABOX,금정AK플라자,경기,슈퍼 마리오 브라더스,14:30,군포시
MEGABOX,금정AK플라자,경기,슈퍼 마리오 브라더스,18:30,군포시
MEGABOX,금정AK플라자,경기,슈퍼 마리오 브라더스,20:30,군포시
MEGABOX,금정AK플라자,경기,슈퍼 마리오 브라더스,22:30,군포시
MEGABOX,금정AK플라자,경기,슈퍼 마리오 브라더스,10:30,군포시
MEGABOX,금정AK플라자,경기,슈퍼 마리오 브라더스,12:30,군포시
MEGABOX,금정AK플라자,경기,슈퍼 마리오 브라더스,16:30,군포시
MEGABOX,금정AK플라자,경기,드림,23:15,군포시
MEGABOX,금정AK플라자,경기,드림,08:10,군포시
MEGABOX,금정AK플라자,경기,드림,17:15,군포시
MEGABOX,금정AK플라자,경기,드림,19:45,군포시
MEGABOX,금정AK플라자,경기,극장판 짱구는 못말려: 동물소환 닌자 배꼽수비대,10:45,군포시
MEGABOX,금정AK플라자,경기,극장판 짱구는 못말려: 동물소환 닌자 배꼽수비대,12:50,군포시
MEGABOX,금정AK플라자,경기,극장판 짱구는 못말려: 동물소환 닌자 배꼽수비대,15:00,군포시
MEGABOX,금정AK플라자,경기,스즈메의 문단속,17:30,군포시
MEGABOX,금정AK플라자,경기,존 윅 4,20:00,군포시
MEGABOX,금정AK플라자,경기,존 윅 4,22:20,군포시
MEGABOX,금정AK플라자,경기,대외비,23:40,군포시
MEGABOX,김포한강신도시,경기,가디언즈 오브 갤럭시: Volume 3,09:30,김포시
MEGABOX,김포한강신도시,경기,가디언즈 오브 갤럭시: Volume 3,12:30,김포시
MEGABOX,김포한강신도시,경기,가디언즈 오브 갤럭시: Volume 3,15:30,김포시
MEGABOX,김포한강신도시,경기,가디언즈 오브 갤럭시: Volume 3,18:30,김포시
MEGABOX,김포한강신도시,경기,가디언즈 오브 갤럭시: Volume 3,21:30,김포시
MEGABOX,김포한강신도시,경기,가디언즈 오브 갤럭시: Volume 3,08:00,김포시
MEGABOX,김포한강신도시,경기,가디언즈 오브 갤럭시: Volume 3,11:00,김포시
MEGABOX,김포한강신도시,경기,가디언즈 오브 갤럭시: Volume 3,14:00,김포시
MEGABOX,김포한강신도시,경기,가디언즈 오브 갤럭시: Volume 3,17:00,김포시
MEGABOX,김포한강신도시,경기,가디언즈 오브 갤럭시: Volume 3,20:00,김포시
MEGABOX,김포한강신도시,경기,가디언즈 오브 갤럭시: Volume 3,23:00,김포시
MEGABOX,김포한강신도시,경기,가디언즈 오브 갤럭시: Volume 3,19:30,김포시
MEGABOX,김포한강신도시,경기,가디언즈 오브 갤럭시: Volume 3,22:30,김포시
MEGABOX,김포한강신도시,경기,슈퍼 마리오 브라더스,11:20,김포시
MEGABOX,김포한강신도시,경기,슈퍼 마리오 브라더스,15:30,김포시
MEGABOX,김포한강신도시,경기,슈퍼 마리오 브라더스,13:25,김포시
MEGABOX,김포한강신도시,경기,슈퍼 마리오 브라더스,08:00,김포시
MEGABOX,김포한강신도시,경기,슈퍼 마리오 브라더스,18:25,김포시
MEGABOX,김포한강신도시,경기,슈퍼 마리오 브라더스,20:30,김포시
MEGABOX,김포한강신도시,경기,슈퍼 마리오 브라더스,10:05,김포시
MEGABOX,김포한강신도시,경기,슈퍼 마리오 브라더스,12:10,김포시
MEGABOX,김포한강신도시,경기,슈퍼 마리오 브라더스,14:15,김포시
MEGABOX,김포한강신도시,경기,슈퍼 마리오 브라더스,16:20,김포시
MEGABOX,김포한강신도시,경기,드림,08:45,김포시
MEGABOX,김포한강신도시,경기,드림,17:35,김포시
MEGABOX,김포한강신도시,경기,드림,20:10,김포시
MEGABOX,김포한강신도시,경기,드림,22:45,김포시
MEGABOX,김포한강신도시,경기,극장판 짱구는 못말려: 동물소환 닌자 배꼽수비대,08:40,김포시
MEGABOX,김포한강신도시,경기,극장판 짱구는 못말려: 동물소환 닌자 배꼽수비대,10:50,김포시
MEGABOX,김포한강신도시,경기,극장판 짱구는 못말려: 동물소환 닌자 배꼽수비대,13:00,김포시
MEGABOX,김포한강신도시,경기,극장판 짱구는 못말려: 동물소환 닌자 배꼽수비대,15:10,김포시
MEGABOX,김포한강신도시,경기,극장판 짱구는 못말려: 동물소환 닌자 배꼽수비대,17:20,김포시
MEGABOX,김포한강신도시,경기,존 윅 4,22:35,김포시
MEGABOX,남양주,경기,가디언즈 오브 갤럭시: Volume 3,08:00,남양주시
MEGABOX,남양주,경기,가디언즈 오브 갤럭시: Volume 3,11:00,남양주시
MEGABOX,남양주,경기,가디언즈 오브 갤럭시: Volume 3,14:00,남양주시
MEGABOX,남양주,경기,가디언즈 오브 갤럭시: Volume 3,17:00,남양주시
MEGABOX,남양주,경기,가디언즈 오브 갤럭시: Volume 3,20:00,남양주시
MEGABOX,남양주,경기,가디언즈 오브 갤럭시: Volume 3,23:00,남양주시
MEGABOX,남양주,경기,가디언즈 오브 갤럭시: Volume 3,09:30,남양주시
MEGABOX,남양주,경기,가디언즈 오브 갤럭시: Volume 3,12:35,남양주시
MEGABOX,남양주,경기,가디언즈 오브 갤럭시: Volume 3,15:40,남양주시
MEGABOX,남양주,경기,가디언즈 오브 갤럭시: Volume 3,18:45,남양주시
MEGABOX,남양주,경기,가디언즈 오브 갤럭시: Volume 3,21:50,남양주시
MEGABOX,남양주,경기,가디언즈 오브 갤럭시: Volume 3,22:40,남양주시
MEGABOX,남양주,경기,가디언즈 오브 갤럭시: Volume 3,08:30,남양주시
MEGABOX,남양주,경기,가디언즈 오브 갤럭시: Volume 3,11:30,남양주시
MEGABOX,남양주,경기,가디언즈 오브 갤럭시: Volume 3,14:30,남양주시
MEGABOX,남양주,경기,가디언즈 오브 갤럭시: Volume 3,17:30,남양주시
MEGABOX,남양주,경기,슈퍼 마리오 브라더스,16:25,남양주시
MEGABOX,남양주,경기,슈퍼 마리오 브라더스,08:05,남양주시
MEGABOX,남양주,경기,슈퍼 마리오 브라더스,10:10,남양주시
MEGABOX,남양주,경기,슈퍼 마리오 브라더스,12:15,남양주시
MEGABOX,남양주,경기,슈퍼 마리오 브라더스,14:20,남양주시
MEGABOX,남양주,경기,슈퍼 마리오 브라더스,18:30,남양주시
MEGABOX,남양주,경기,슈퍼 마리오 브라더스,20:35,남양주시
MEGABOX,남양주,경기,슈퍼 마리오 브라더스,22:40,남양주시
MEGABOX,남양주,경기,슈퍼 마리오 브라더스,10:20,남양주시
MEGABOX,남양주,경기,슈퍼 마리오 브라더스,14:30,남양주시
MEGABOX,남양주,경기,슈퍼 마리오 브라더스,18:40,남양주시
MEGABOX,남양주,경기,슈퍼 마리오 브라더스,20:40,남양주시
MEGABOX,남양주,경기,슈퍼 마리오 브라더스,13:10,남양주시
MEGABOX,남양주,경기,슈퍼 마리오 브라더스,17:20,남양주시
MEGABOX,남양주,경기,슈퍼 마리오 브라더스,21:30,남양주시
MEGABOX,남양주,경기,슈퍼 마리오 브라더스,09:00,남양주시
MEGABOX,남양주,경기,슈퍼 마리오 브라더스,11:05,남양주시
MEGABOX,남양주,경기,슈퍼 마리오 브라더스,15:15,남양주시
MEGABOX,남양주,경기,슈퍼 마리오 브라더스,19:25,남양주시
MEGABOX,남양주,경기,슈퍼 마리오 브라더스,23:30,남양주시
MEGABOX,남양주,경기,드림,08:10,남양주시
MEGABOX,남양주,경기,드림,10:45,남양주시
MEGABOX,남양주,경기,드림,13:20,남양주시
MEGABOX,남양주,경기,드림,15:55,남양주시
MEGABOX,남양주,경기,드림,18:30,남양주시
MEGABOX,남양주,경기,드림,21:05,남양주시
MEGABOX,남양주,경기,드림,23:40,남양주시
MEGABOX,남양주,경기,극장판 짱구는 못말려: 동물소환 닌자 배꼽수비대,08:10,남양주시
MEGABOX,남양주,경기,극장판 짱구는 못말려: 동물소환 닌자 배꼽수비대,12:20,남양주시
MEGABOX,남양주,경기,극장판 짱구는 못말려: 동물소환 닌자 배꼽수비대,16:30,남양주시
MEGABOX,남양주,경기,스즈메의 문단속,08:30,남양주시
MEGABOX,남양주,경기,스즈메의 문단속,11:05,남양주시
MEGABOX,남양주,경기,스즈메의 문단속,13:40,남양주시
MEGABOX,남양주,경기,스즈메의 문단속,16:15,남양주시
MEGABOX,남양주,경기,스즈메의 문단속,18:45,남양주시
MEGABOX,남양주,경기,스즈메의 문단속,21:15,남양주시
MEGABOX,남양주,경기,스즈메의 문단속,23:45,남양주시
MEGABOX,남양주,경기,존 윅 4,20:30,남양주시
MEGABOX,남양주현대아울렛 스페이스원,경기,가디언즈 오브 갤럭시: Volume 3,09:20,남양주시
MEGABOX,남양주현대아울렛 스페이스원,경기,가디언즈 오브 갤럭시: Volume 3,12:30,남양주시
MEGABOX,남양주현대아울렛 스페이스원,경기,가디언즈 오브 갤럭시: Volume 3,15:40,남양주시
MEGABOX,남양주현대아울렛 스페이스원,경기,가디언즈 오브 갤럭시: Volume 3,18:45,남양주시
MEGABOX,남양주현대아울렛 스페이스원,경기,가디언즈 오브 갤럭시: Volume 3,21:50,남양주시
MEGABOX,남양주현대아울렛 스페이스원,경기,가디언즈 오브 갤럭시: Volume 3,10:25,남양주시
MEGABOX,남양주현대아울렛 스페이스원,경기,가디언즈 오브 갤럭시: Volume 3,13:30,남양주시
MEGABOX,남양주현대아울렛 스페이스원,경기,가디언즈 오브 갤럭시: Volume 3,16:40,남양주시
MEGABOX,남양주현대아울렛 스페이스원,경기,가디언즈 오브 갤럭시: Volume 3,19:45,남양주시
MEGABOX,남양주현대아울렛 스페이스원,경기,가디언즈 오브 갤럭시: Volume 3,22:50,남양주시
MEGABOX,남양주현대아울렛 스페이스원,경기,가디언즈 오브 갤럭시: Volume 3,18:15,남양주시
MEGABOX,남양주현대아울렛 스페이스원,경기,가디언즈 오브 갤럭시: Volume 3,21:20,남양주시
MEGABOX,남양주현대아울렛 스페이스원,경기,가디언즈 오브 갤럭시: Volume 3,08:10,남양주시
MEGABOX,남양주현대아울렛 스페이스원,경기,가디언즈 오브 갤럭시: Volume 3,11:20,남양주시
MEGABOX,남양주현대아울렛 스페이스원,경기,가디언즈 오브 갤럭시: Volume 3,14:30,남양주시
MEGABOX,남양주현대아울렛 스페이스원,경기,가디언즈 오브 갤럭시: Volume 3,17:40,남양주시
MEGABOX,남양주현대아울렛 스페이스원,경기,가디언즈 오브 갤럭시: Volume 3,20:50,남양주시
MEGABOX,남양주현대아울렛 스페이스원,경기,가디언즈 오브 갤럭시: Volume 3,24:00,남양주시
MEGABOX,남양주현대아울렛 스페이스원,경기,가디언즈 오브 갤럭시: Volume 3,19:15,남양주시
MEGABOX,남양주현대아울렛 스페이스원,경기,가디언즈 오브 갤럭시: Volume 3,22:20,남양주시
MEGABOX,남양주현대아울렛 스페이스원,경기,가디언즈 오브 갤럭시: Volume 3,20:20,남양주시
MEGABOX,남양주현대아울렛 스페이스원,경기,가디언즈 오브 갤럭시: Volume 3,23:25,남양주시
MEGABOX,남양주현대아울렛 스페이스원,경기,슈퍼 마리오 브라더스,08:50,남양주시
MEGABOX,남양주현대아울렛 스페이스원,경기,슈퍼 마리오 브라더스,10:55,남양주시
MEGABOX,남양주현대아울렛 스페이스원,경기,슈퍼 마리오 브라더스,13:00,남양주시
MEGABOX,남양주현대아울렛 스페이스원,경기,슈퍼 마리오 브라더스,15:05,남양주시
MEGABOX,남양주현대아울렛 스페이스원,경기,슈퍼 마리오 브라더스,17:10,남양주시
MEGABOX,남양주현대아울렛 스페이스원,경기,슈퍼 마리오 브라더스,09:50,남양주시
MEGABOX,남양주현대아울렛 스페이스원,경기,슈퍼 마리오 브라더스,11:55,남양주시
MEGABOX,남양주현대아울렛 스페이스원,경기,슈퍼 마리오 브라더스,14:00,남양주시
MEGABOX,남양주현대아울렛 스페이스원,경기,슈퍼 마리오 브라더스,16:05,남양주시
MEGABOX,남양주현대아울렛 스페이스원,경기,슈퍼 마리오 브라더스,18:10,남양주시
MEGABOX,남양주현대아울렛 스페이스원,경기,슈퍼 마리오 브라더스,20:00,남양주시
MEGABOX,남양주현대아울렛 스페이스원,경기,슈퍼 마리오 브라더스,09:05,남양주시
MEGABOX,남양주현대아울렛 스페이스원,경기,슈퍼 마리오 브라더스,11:10,남양주시
MEGABOX,남양주현대아울렛 스페이스원,경기,슈퍼 마리오 브라더스,13:15,남양주시
MEGABOX,남양주현대아울렛 스페이스원,경기,슈퍼 마리오 브라더스,15:20,남양주시
MEGABOX,남양주현대아울렛 스페이스원,경기,드림,09:00,남양주시
MEGABOX,남양주현대아울렛 스페이스원,경기,드림,11:35,남양주시
MEGABOX,남양주현대아울렛 스페이스원,경기,드림,14:10,남양주시
MEGABOX,남양주현대아울렛 스페이스원,경기,드림,16:45,남양주시
MEGABOX,남양주현대아울렛 스페이스원,경기,드림,19:20,남양주시
MEGABOX,남양주현대아울렛 스페이스원,경기,드림,21:55,남양주시
MEGABOX,남양주현대아울렛 스페이스원,경기,극장판 짱구는 못말려: 동물소환 닌자 배꼽수비대,09:30,남양주시
MEGABOX,남양주현대아울렛 스페이스원,경기,극장판 짱구는 못말려: 동물소환 닌자 배꼽수비대,11:40,남양주시
MEGABOX,남양주현대아울렛 스페이스원,경기,극장판 짱구는 못말려: 동물소환 닌자 배꼽수비대,13:50,남양주시
MEGABOX,남양주현대아울렛 스페이스원,경기,극장판 짱구는 못말려: 동물소환 닌자 배꼽수비대,16:00,남양주시
MEGABOX,남양주현대아울렛 스페이스원,경기,스즈메의 문단속,17:25,남양주시
MEGABOX,남양주현대아울렛 스페이스원,경기,존 윅 4,22:05,남양주시
MEGABOX,동탄,경기,가디언즈 오브 갤럭시: Volume 3,10:40,화성시
MEGABOX,동탄,경기,가디언즈 오브 갤럭시: Volume 3,13:35,화성시
MEGABOX,동탄,경기,가디언즈 오브 갤럭시: Volume 3,16:30,화성시
MEGABOX,동탄,경기,가디언즈 오브 갤럭시: Volume 3,19:25,화성시
MEGABOX,동탄,경기,가디언즈 오브 갤럭시: Volume 3,22:20,화성시
MEGABOX,동탄,경기,가디언즈 오브 갤럭시: Volume 3,09:20,화성시
MEGABOX,동탄,경기,가디언즈 오브 갤럭시: Volume 3,12:15,화성시
MEGABOX,동탄,경기,가디언즈 오브 갤럭시: Volume 3,15:10,화성시
MEGABOX,동탄,경기,가디언즈 오브 갤럭시: Volume 3,18:05,화성시
MEGABOX,동탄,경기,가디언즈 오브 갤럭시: Volume 3,21:00,화성시
MEGABOX,동탄,경기,가디언즈 오브 갤럭시: Volume 3,10:00,화성시
MEGABOX,동탄,경기,가디언즈 오브 갤럭시: Volume 3,12:55,화성시
MEGABOX,동탄,경기,가디언즈 오브 갤럭시: Volume 3,15:50,화성시
MEGABOX,동탄,경기,가디언즈 오브 갤럭시: Volume 3,18:45,화성시
MEGABOX,동탄,경기,가디언즈 오브 갤럭시: Volume 3,21:40,화성시
MEGABOX,동탄,경기,가디언즈 오브 갤럭시: Volume 3,11:30,화성시
MEGABOX,동탄,경기,가디언즈 오브 갤럭시: Volume 3,14:25,화성시
MEGABOX,동탄,경기,가디언즈 오브 갤럭시: Volume 3,17:20,화성시
MEGABOX,동탄,경기,가디언즈 오브 갤럭시: Volume 3,20:15,화성시
MEGABOX,동탄,경기,슈퍼 마리오 브라더스,09:00,화성시
MEGABOX,동탄,경기,슈퍼 마리오 브라더스,11:00,화성시
MEGABOX,동탄,경기,슈퍼 마리오 브라더스,13:00,화성시
MEGABOX,동탄,경기,슈퍼 마리오 브라더스,15:00,화성시
MEGABOX,동탄,경기,슈퍼 마리오 브라더스,17:00,화성시
MEGABOX,동탄,경기,슈퍼 마리오 브라더스,10:20,화성시
MEGABOX,동탄,경기,슈퍼 마리오 브라더스,12:20,화성시
MEGABOX,동탄,경기,슈퍼 마리오 브라더스,14:20,화성시
MEGABOX,동탄,경기,슈퍼 마리오 브라더스,09:30,화성시
MEGABOX,동탄,경기,슈퍼 마리오 브라더스,11:30,화성시
MEGABOX,동탄,경기,슈퍼 마리오 브라더스,15:30,화성시
MEGABOX,동탄,경기,슈퍼 마리오 브라더스,13:30,화성시
MEGABOX,동탄,경기,슈퍼 마리오 브라더스,16:45,화성시
MEGABOX,동탄,경기,슈퍼 마리오 브라더스,20:45,화성시
MEGABOX,동탄,경기,슈퍼 마리오 브라더스,22:45,화성시
MEGABOX,동탄,경기,슈퍼 마리오 브라더스,18:45,화성시
MEGABOX,동탄,경기,드림,16:20,화성시
MEGABOX,동탄,경기,드림,18:50,화성시
MEGABOX,동탄,경기,드림,21:20,화성시
MEGABOX,동탄,경기,드림,09:00,화성시
MEGABOX,동탄,경기,극장판 짱구는 못말려: 동물소환 닌자 배꼽수비대,10:30,화성시
MEGABOX,동탄,경기,극장판 짱구는 못말려: 동물소환 닌자 배꼽수비대,12:35,화성시
MEGABOX,동탄,경기,극장판 짱구는 못말려: 동물소환 닌자 배꼽수비대,14:40,화성시
MEGABOX,동탄,경기,스즈메의 문단속,17:30,화성시
MEGABOX,동탄,경기,스즈메의 문단속,22:30,화성시
MEGABOX,동탄,경기,존 윅 4,19:00,화성시
MEGABOX,동탄,경기,리바운드,20:00,화성시
MEGABOX,동탄,경기,무명,22:15,화성시
MEGABOX,미사강변,경기,가디언즈 오브 갤럭시: Volume 3,10:00,하남시
MEGABOX,미사강변,경기,가디언즈 오브 갤럭시: Volume 3,13:00,하남시
MEGABOX,미사강변,경기,가디언즈 오브 갤럭시: Volume 3,16:00,하남시
MEGABOX,미사강변,경기,가디언즈 오브 갤럭시: Volume 3,19:30,하남시
MEGABOX,미사강변,경기,가디언즈 오브 갤럭시: Volume 3,22:30,하남시
MEGABOX,미사강변,경기,가디언즈 오브 갤럭시: Volume 3,09:00,하남시
MEGABOX,미사강변,경기,가디언즈 오브 갤럭시: Volume 3,12:00,하남시
MEGABOX,미사강변,경기,가디언즈 오브 갤럭시: Volume 3,15:00,하남시
MEGABOX,미사강변,경기,가디언즈 오브 갤럭시: Volume 3,18:00,하남시
MEGABOX,미사강변,경기,가디언즈 오브 갤럭시: Volume 3,21:00,하남시
MEGABOX,미사강변,경기,슈퍼 마리오 브라더스,17:30,하남시
MEGABOX,미사강변,경기,슈퍼 마리오 브라더스,09:30,하남시
MEGABOX,미사강변,경기,슈퍼 마리오 브라더스,11:30,하남시
MEGABOX,미사강변,경기,슈퍼 마리오 브라더스,13:30,하남시
MEGABOX,미사강변,경기,슈퍼 마리오 브라더스,15:30,하남시
MEGABOX,미사강변,경기,드림,09:45,하남시
MEGABOX,미사강변,경기,드림,12:15,하남시
MEGABOX,미사강변,경기,드림,14:45,하남시
MEGABOX,미사강변,경기,드림,17:15,하남시
MEGABOX,미사강변,경기,드림,19:45,하남시
MEGABOX,미사강변,경기,드림,22:15,하남시
MEGABOX,미사강변,경기,극장판 짱구는 못말려: 동물소환 닌자 배꼽수비대,09:15,하남시
MEGABOX,미사강변,경기,극장판 짱구는 못말려: 동물소환 닌자 배꼽수비대,11:15,하남시
MEGABOX,미사강변,경기,극장판 짱구는 못말려: 동물소환 닌자 배꼽수비대,13:15,하남시
MEGABOX,미사강변,경기,스즈메의 문단속,15:15,하남시
MEGABOX,미사강변,경기,스즈메의 문단속,17:45,하남시
MEGABOX,미사강변,경기,스즈메의 문단속,20:15,하남시
MEGABOX,미사강변,경기,스즈메의 문단속,22:45,하남시
MEGABOX,미사강변,경기,존 윅 4,19:00,하남시
MEGABOX,미사강변,경기,존 윅 4,22:15,하남시
MEGABOX,백석벨라시타,경기,가디언즈 오브 갤럭시: Volume 3,10:30,고양시
MEGABOX,백석벨라시타,경기,가디언즈 오브 갤럭시: Volume 3,16:35,고양시
MEGABOX,백석벨라시타,경기,가디언즈 오브 갤럭시: Volume 3,19:35,고양시
MEGABOX,백석벨라시타,경기,가디언즈 오브 갤럭시: Volume 3,22:35,고양시
MEGABOX,백석벨라시타,경기,가디언즈 오브 갤럭시: Volume 3,08:30,고양시
MEGABOX,백석벨라시타,경기,가디언즈 오브 갤럭시: Volume 3,11:30,고양시
MEGABOX,백석벨라시타,경기,가디언즈 오브 갤럭시: Volume 3,14:30,고양시
MEGABOX,백석벨라시타,경기,가디언즈 오브 갤럭시: Volume 3,17:30,고양시
MEGABOX,백석벨라시타,경기,가디언즈 오브 갤럭시: Volume 3,20:30,고양시
MEGABOX,백석벨라시타,경기,가디언즈 오브 갤럭시: Volume 3,23:30,고양시
MEGABOX,백석벨라시타,경기,슈퍼 마리오 브라더스,11:00,고양시
MEGABOX,백석벨라시타,경기,슈퍼 마리오 브라더스,17:10,고양시
MEGABOX,백석벨라시타,경기,슈퍼 마리오 브라더스,19:15,고양시
MEGABOX,백석벨라시타,경기,슈퍼 마리오 브라더스,23:30,고양시
MEGABOX,백석벨라시타,경기,슈퍼 마리오 브라더스,13:00,고양시
MEGABOX,백석벨라시타,경기,슈퍼 마리오 브라더스,15:00,고양시
MEGABOX,백석벨라시타,경기,슈퍼 마리오 브라더스,14:00,고양시
MEGABOX,백석벨라시타,경기,슈퍼 마리오 브라더스,11:50,고양시
MEGABOX,백석벨라시타,경기,슈퍼 마리오 브라더스,16:00,고양시
MEGABOX,백석벨라시타,경기,슈퍼 마리오 브라더스,08:30,고양시
MEGABOX,백석벨라시타,경기,드림,20:40,고양시
MEGABOX,백석벨라시타,경기,드림,23:15,고양시
MEGABOX,백석벨라시타,경기,드림,09:50,고양시
MEGABOX,백석벨라시타,경기,드림,19:00,고양시
MEGABOX,백석벨라시타,경기,극장판 짱구는 못말려: 동물소환 닌자 배꼽수비대,12:30,고양시
MEGABOX,백석벨라시타,경기,스즈메의 문단속,09:15,고양시
MEGABOX,백석벨라시타,경기,스즈메의 문단속,18:05,고양시
MEGABOX,백석벨라시타,경기,스즈메의 문단속,13:45,고양시
MEGABOX,백석벨라시타,경기,존 윅 4,15:30,고양시
MEGABOX,백석벨라시타,경기,존 윅 4,21:40,고양시
MEGABOX,백석벨라시타,경기,[F] 클로즈,21:20,고양시
MEGABOX,백석벨라시타,경기,[F] 리턴 투 서울,08:30,고양시
MEGABOX,별내,경기,가디언즈 오브 갤럭시: Volume 3,10:55,남양주시
MEGABOX,별내,경기,가디언즈 오브 갤럭시: Volume 3,13:50,남양주시
MEGABOX,별내,경기,가디언즈 오브 갤럭시: Volume 3,16:40,남양주시
MEGABOX,별내,경기,가디언즈 오브 갤럭시: Volume 3,19:30,남양주시
MEGABOX,별내,경기,가디언즈 오브 갤럭시: Volume 3,22:25,남양주시
MEGABOX,별내,경기,가디언즈 오브 갤럭시: Volume 3,18:35,남양주시
MEGABOX,별내,경기,가디언즈 오브 갤럭시: Volume 3,21:30,남양주시
MEGABOX,별내,경기,가디언즈 오브 갤럭시: Volume 3,09:00,남양주시
MEGABOX,별내,경기,가디언즈 오브 갤럭시: Volume 3,15:45,남양주시
MEGABOX,별내,경기,가디언즈 오브 갤럭시: Volume 3,12:00,남양주시
MEGABOX,별내,경기,가디언즈 오브 갤럭시: Volume 3,14:50,남양주시
MEGABOX,별내,경기,가디언즈 오브 갤럭시: Volume 3,17:40,남양주시
MEGABOX,별내,경기,가디언즈 오브 갤럭시: Volume 3,20:30,남양주시
MEGABOX,별내,경기,가디언즈 오브 갤럭시: Volume 3,09:55,남양주시
MEGABOX,별내,경기,슈퍼 마리오 브라더스,09:00,남양주시
MEGABOX,별내,경기,슈퍼 마리오 브라더스,09:00,남양주시
MEGABOX,별내,경기,슈퍼 마리오 브라더스,10:55,남양주시
MEGABOX,별내,경기,슈퍼 마리오 브라더스,14:45,남양주시
MEGABOX,별내,경기,슈퍼 마리오 브라더스,16:40,남양주시
MEGABOX,별내,경기,슈퍼 마리오 브라더스,12:50,남양주시
MEGABOX,별내,경기,슈퍼 마리오 브라더스,18:35,남양주시
MEGABOX,별내,경기,슈퍼 마리오 브라더스,20:30,남양주시
MEGABOX,별내,경기,슈퍼 마리오 브라더스,22:25,남양주시
MEGABOX,별내,경기,슈퍼 마리오 브라더스,11:55,남양주시
MEGABOX,별내,경기,슈퍼 마리오 브라더스,13:50,남양주시
MEGABOX,별내,경기,슈퍼 마리오 브라더스,11:25,남양주시
MEGABOX,별내,경기,슈퍼 마리오 브라더스,15:20,남양주시
MEGABOX,별내,경기,드림,09:30,남양주시
MEGABOX,별내,경기,드림,12:50,남양주시
MEGABOX,별내,경기,드림,17:15,남양주시
MEGABOX,별내,경기,드림,19:45,남양주시
MEGABOX,별내,경기,극장판 짱구는 못말려: 동물소환 닌자 배꼽수비대,09:20,남양주시
MEGABOX,별내,경기,극장판 짱구는 못말려: 동물소환 닌자 배꼽수비대,13:20,남양주시
MEGABOX,별내,경기,극장판 짱구는 못말려: 동물소환 닌자 배꼽수비대,15:25,남양주시
MEGABOX,별내,경기,극장판 짱구는 못말려: 동물소환 닌자 배꼽수비대,17:30,남양주시
MEGABOX,별내,경기,스즈메의 문단속,19:35,남양주시
MEGABOX,별내,경기,스즈메의 문단속,22:15,남양주시
MEGABOX,별내,경기,존 윅 4,22:00,남양주시
MEGABOX,부천스타필드시티,경기,가디언즈 오브 갤럭시: Volume 3,10:00,부천시
MEGABOX,부천스타필드시티,경기,가디언즈 오브 갤럭시: Volume 3,12:55,부천시
MEGABOX,부천스타필드시티,경기,가디언즈 오브 갤럭시: Volume 3,15:50,부천시
MEGABOX,부천스타필드시티,경기,가디언즈 오브 갤럭시: Volume 3,18:45,부천시
MEGABOX,부천스타필드시티,경기,가디언즈 오브 갤럭시: Volume 3,21:40,부천시
MEGABOX,부천스타필드시티,경기,가디언즈 오브 갤럭시: Volume 3,20:00,부천시
MEGABOX,부천스타필드시티,경기,가디언즈 오브 갤럭시: Volume 3,23:00,부천시
MEGABOX,부천스타필드시티,경기,가디언즈 오브 갤럭시: Volume 3,09:00,부천시
MEGABOX,부천스타필드시티,경기,가디언즈 오브 갤럭시: Volume 3,11:55,부천시
MEGABOX,부천스타필드시티,경기,가디언즈 오브 갤럭시: Volume 3,14:50,부천시
MEGABOX,부천스타필드시티,경기,가디언즈 오브 갤럭시: Volume 3,17:45,부천시
MEGABOX,부천스타필드시티,경기,가디언즈 오브 갤럭시: Volume 3,20:40,부천시
MEGABOX,부천스타필드시티,경기,슈퍼 마리오 브라더스,20:20,부천시
MEGABOX,부천스타필드시티,경기,슈퍼 마리오 브라더스,10:00,부천시
MEGABOX,부천스타필드시티,경기,슈퍼 마리오 브라더스,12:00,부천시
MEGABOX,부천스타필드시티,경기,슈퍼 마리오 브라더스,14:00,부천시
MEGABOX,부천스타필드시티,경기,슈퍼 마리오 브라더스,16:00,부천시
MEGABOX,부천스타필드시티,경기,슈퍼 마리오 브라더스,18:00,부천시
MEGABOX,부천스타필드시티,경기,슈퍼 마리오 브라더스,09:00,부천시
MEGABOX,부천스타필드시티,경기,슈퍼 마리오 브라더스,15:00,부천시
MEGABOX,부천스타필드시티,경기,슈퍼 마리오 브라더스,17:00,부천시
MEGABOX,부천스타필드시티,경기,슈퍼 마리오 브라더스,11:00,부천시
MEGABOX,부천스타필드시티,경기,슈퍼 마리오 브라더스,13:00,부천시
MEGABOX,부천스타필드시티,경기,드림,23:35,부천시
MEGABOX,부천스타필드시티,경기,극장판 짱구는 못말려: 동물소환 닌자 배꼽수비대,11:30,부천시
MEGABOX,부천스타필드시티,경기,극장판 짱구는 못말려: 동물소환 닌자 배꼽수비대,13:35,부천시
MEGABOX,부천스타필드시티,경기,극장판 짱구는 못말려: 동물소환 닌자 배꼽수비대,15:40,부천시
MEGABOX,부천스타필드시티,경기,스즈메의 문단속,09:00,부천시
MEGABOX,부천스타필드시티,경기,스즈메의 문단속,17:50,부천시
MEGABOX,부천스타필드시티,경기,스즈메의 문단속,22:20,부천시
MEGABOX,부천스타필드시티,경기,존 윅 4,22:25,부천시
MEGABOX,부천스타필드시티,경기,존 윅 4,19:00,부천시
MEGABOX,분당,경기,가디언즈 오브 갤럭시: Volume 3,11:10,성남시
MEGABOX,분당,경기,가디언즈 오브 갤럭시: Volume 3,14:10,성남시
MEGABOX,분당,경기,가디언즈 오브 갤럭시: Volume 3,17:10,성남시
MEGABOX,분당,경기,가디언즈 오브 갤럭시: Volume 3,20:10,성남시
MEGABOX,분당,경기,가디언즈 오브 갤럭시: Volume 3,23:10,성남시
MEGABOX,분당,경기,가디언즈 오브 갤럭시: Volume 3,22:20,성남시
MEGABOX,분당,경기,가디언즈 오브 갤럭시: Volume 3,10:10,성남시
MEGABOX,분당,경기,가디언즈 오브 갤럭시: Volume 3,13:10,성남시
MEGABOX,분당,경기,가디언즈 오브 갤럭시: Volume 3,16:10,성남시
MEGABOX,분당,경기,가디언즈 오브 갤럭시: Volume 3,09:00,성남시
MEGABOX,분당,경기,가디언즈 오브 갤럭시: Volume 3,12:00,성남시
MEGABOX,분당,경기,가디언즈 오브 갤럭시: Volume 3,15:00,성남시
MEGABOX,분당,경기,가디언즈 오브 갤럭시: Volume 3,18:00,성남시
MEGABOX,분당,경기,가디언즈 오브 갤럭시: Volume 3,21:00,성남시
MEGABOX,분당,경기,가디언즈 오브 갤럭시: Volume 3,24:00,성남시
MEGABOX,분당,경기,슈퍼 마리오 브라더스,09:10,성남시
MEGABOX,분당,경기,슈퍼 마리오 브라더스,11:40,성남시
MEGABOX,분당,경기,슈퍼 마리오 브라더스,18:20,성남시
MEGABOX,분당,경기,슈퍼 마리오 브라더스,20:20,성남시
MEGABOX,분당,경기,슈퍼 마리오 브라더스,16:15,성남시
MEGABOX,분당,경기,드림,09:00,성남시
MEGABOX,분당,경기,드림,13:55,성남시
MEGABOX,분당,경기,드림,18:45,성남시
MEGABOX,분당,경기,드림,21:20,성남시
MEGABOX,분당,경기,드림,23:55,성남시
MEGABOX,분당,경기,극장판 짱구는 못말려: 동물소환 닌자 배꼽수비대,09:30,성남시
MEGABOX,분당,경기,스즈메의 문단속,13:40,성남시
MEGABOX,분당,경기,[응원상영] 더 퍼스트 슬램덩크,19:20,성남시
MEGABOX,분당,경기,존 윅 4,22:05,성남시
MEGABOX,분당,경기,존 윅 4,10:25,성남시
MEGABOX,분당,경기,존 윅 4,14:00,성남시
MEGABOX,분당,경기,존 윅 4,17:35,성남시
MEGABOX,분당,경기,존 윅 4,21:10,성남시
MEGABOX,분당,경기,킬링 로맨스,11:35,성남시
MEGABOX,분당,경기,킬링 로맨스,16:30,성남시
MEGABOX,수원,경기,가디언즈 오브 갤럭시: Volume 3,09:20,수원시
MEGABOX,수원,경기,가디언즈 오브 갤럭시: Volume 3,12:20,수원시
MEGABOX,수원,경기,가디언즈 오브 갤럭시: Volume 3,15:20,수원시
MEGABOX,수원,경기,가디언즈 오브 갤럭시: Volume 3,18:20,수원시
MEGABOX,수원,경기,가디언즈 오브 갤럭시: Volume 3,21:20,수원시
MEGABOX,수원,경기,가디언즈 오브 갤럭시: Volume 3,13:20,수원시
MEGABOX,수원,경기,가디언즈 오브 갤럭시: Volume 3,16:20,수원시
MEGABOX,수원,경기,가디언즈 오브 갤럭시: Volume 3,19:20,수원시
MEGABOX,수원,경기,가디언즈 오브 갤럭시: Volume 3,22:20,수원시
MEGABOX,수원,경기,가디언즈 오브 갤럭시: Volume 3,11:20,수원시
MEGABOX,수원,경기,가디언즈 오브 갤럭시: Volume 3,14:20,수원시
MEGABOX,수원,경기,가디언즈 오브 갤럭시: Volume 3,17:20,수원시
MEGABOX,수원,경기,가디언즈 오브 갤럭시: Volume 3,20:20,수원시
MEGABOX,수원,경기,가디언즈 오브 갤럭시: Volume 3,23:20,수원시
MEGABOX,수원,경기,슈퍼 마리오 브라더스,08:30,수원시
MEGABOX,수원,경기,슈퍼 마리오 브라더스,18:45,수원시
MEGABOX,수원,경기,슈퍼 마리오 브라더스,20:50,수원시
MEGABOX,수원,경기,슈퍼 마리오 브라더스,22:50,수원시
MEGABOX,수원,경기,슈퍼 마리오 브라더스,10:30,수원시
MEGABOX,수원,경기,슈퍼 마리오 브라더스,14:35,수원시
MEGABOX,수원,경기,슈퍼 마리오 브라더스,13:35,수원시
MEGABOX,수원,경기,슈퍼 마리오 브라더스,15:35,수원시
MEGABOX,수원,경기,드림,10:50,수원시
MEGABOX,수원,경기,드림,17:35,수원시
MEGABOX,수원,경기,드림,20:05,수원시
MEGABOX,수원,경기,드림,22:35,수원시
MEGABOX,수원,경기,극장판 짱구는 못말려: 동물소환 닌자 배꼽수비대,12:30,수원시
MEGABOX,수원,경기,극장판 짱구는 못말려: 동물소환 닌자 배꼽수비대,16:35,수원시
MEGABOX,수원,경기,극장판 짱구는 못말려: 동물소환 닌자 배꼽수비대,11:20,수원시
MEGABOX,수원,경기,스즈메의 문단속,08:15,수원시
MEGABOX,수원,경기,더 퍼스트 슬램덩크,08:50,수원시
MEGABOX,수원,경기,존 윅 4,08:00,수원시
MEGABOX,수원남문,경기,가디언즈 오브 갤럭시: Volume 3,10:00,수원시
MEGABOX,수원남문,경기,가디언즈 오브 갤럭시: Volume 3,12:55,수원시
MEGABOX,수원남문,경기,가디언즈 오브 갤럭시: Volume 3,15:50,수원시
MEGABOX,수원남문,경기,가디언즈 오브 갤럭시: Volume 3,18:45,수원시
MEGABOX,수원남문,경기,가디언즈 오브 갤럭시: Volume 3,21:40,수원시
MEGABOX,수원남문,경기,가디언즈 오브 갤럭시: Volume 3,10:30,수원시
MEGABOX,수원남문,경기,가디언즈 오브 갤럭시: Volume 3,11:00,수원시
MEGABOX,수원남문,경기,가디언즈 오브 갤럭시: Volume 3,13:55,수원시
MEGABOX,수원남문,경기,가디언즈 오브 갤럭시: Volume 3,16:50,수원시
MEGABOX,수원남문,경기,가디언즈 오브 갤럭시: Volume 3,19:45,수원시
MEGABOX,수원남문,경기,가디언즈 오브 갤럭시: Volume 3,22:40,수원시
MEGABOX,수원남문,경기,슈퍼 마리오 브라더스,12:15,수원시
MEGABOX,수원남문,경기,드림,16:30,수원시
MEGABOX,수원남문,경기,드림,20:00,수원시
MEGABOX,수원남문,경기,극장판 짱구는 못말려: 동물소환 닌자 배꼽수비대,22:15,수원시
MEGABOX,수원남문,경기,극장판 짱구는 못말려: 동물소환 닌자 배꼽수비대,13:35,수원시
MEGABOX,수원남문,경기,극장판 짱구는 못말려: 동물소환 닌자 배꼽수비대,15:40,수원시
MEGABOX,수원남문,경기,스즈메의 문단속,09:45,수원시
MEGABOX,수원남문,경기,존 윅 4,19:00,수원시
MEGABOX,수원남문,경기,존 윅 4,22:30,수원시
MEGABOX,수원남문,경기,킬링 로맨스,14:15,수원시
MEGABOX,수원남문,경기,킬링 로맨스,17:45,수원시
MEGABOX,수원호매실,경기,가디언즈 오브 갤럭시: Volume 3,09:00,수원시
MEGABOX,수원호매실,경기,가디언즈 오브 갤럭시: Volume 3,12:05,수원시
MEGABOX,수원호매실,경기,가디언즈 오브 갤럭시: Volume 3,15:10,수원시
MEGABOX,수원호매실,경기,가디언즈 오브 갤럭시: Volume 3,18:15,수원시
MEGABOX,수원호매실,경기,가디언즈 오브 갤럭시: Volume 3,21:20,수원시
MEGABOX,수원호매실,경기,가디언즈 오브 갤럭시: Volume 3,10:30,수원시
MEGABOX,수원호매실,경기,가디언즈 오브 갤럭시: Volume 3,13:35,수원시
MEGABOX,수원호매실,경기,가디언즈 오브 갤럭시: Volume 3,16:40,수원시
MEGABOX,수원호매실,경기,가디언즈 오브 갤럭시: Volume 3,19:45,수원시
MEGABOX,수원호매실,경기,가디언즈 오브 갤럭시: Volume 3,17:20,수원시
MEGABOX,수원호매실,경기,슈퍼 마리오 브라더스,09:00,수원시
MEGABOX,수원호매실,경기,슈퍼 마리오 브라더스,17:45,수원시
MEGABOX,수원호매실,경기,슈퍼 마리오 브라더스,20:00,수원시
MEGABOX,수원호매실,경기,슈퍼 마리오 브라더스,21:00,수원시
MEGABOX,수원호매실,경기,슈퍼 마리오 브라더스,10:00,수원시
MEGABOX,수원호매실,경기,슈퍼 마리오 브라더스,12:10,수원시
MEGABOX,수원호매실,경기,슈퍼 마리오 브라더스,14:20,수원시
MEGABOX,수원호매실,경기,슈퍼 마리오 브라더스,16:30,수원시
MEGABOX,수원호매실,경기,슈퍼 마리오 브라더스,18:50,수원시
MEGABOX,수원호매실,경기,드림,09:20,수원시
MEGABOX,수원호매실,경기,드림,12:00,수원시
MEGABOX,수원호매실,경기,드림,14:40,수원시
MEGABOX,수원호매실,경기,드림,20:30,수원시
MEGABOX,수원호매실,경기,극장판 짱구는 못말려: 동물소환 닌자 배꼽수비대,11:00,수원시
MEGABOX,수원호매실,경기,극장판 짱구는 못말려: 동물소환 닌자 배꼽수비대,13:15,수원시
MEGABOX,수원호매실,경기,극장판 짱구는 못말려: 동물소환 닌자 배꼽수비대,15:30,수원시
MEGABOX,시흥배곧,경기,가디언즈 오브 갤럭시: Volume 3,09:30,시흥시
MEGABOX,시흥배곧,경기,가디언즈 오브 갤럭시: Volume 3,12:30,시흥시
MEGABOX,시흥배곧,경기,가디언즈 오브 갤럭시: Volume 3,15:30,시흥시
MEGABOX,시흥배곧,경기,가디언즈 오브 갤럭시: Volume 3,18:30,시흥시
MEGABOX,시흥배곧,경기,가디언즈 오브 갤럭시: Volume 3,21:30,시흥시
MEGABOX,시흥배곧,경기,가디언즈 오브 갤럭시: Volume 3,17:30,시흥시
MEGABOX,시흥배곧,경기,가디언즈 오브 갤럭시: Volume 3,20:30,시흥시
MEGABOX,시흥배곧,경기,가디언즈 오브 갤럭시: Volume 3,10:30,시흥시
MEGABOX,시흥배곧,경기,가디언즈 오브 갤럭시: Volume 3,13:30,시흥시
MEGABOX,시흥배곧,경기,가디언즈 오브 갤럭시: Volume 3,16:30,시흥시
MEGABOX,시흥배곧,경기,가디언즈 오브 갤럭시: Volume 3,19:30,시흥시
MEGABOX,시흥배곧,경기,가디언즈 오브 갤럭시: Volume 3,22:30,시흥시
MEGABOX,시흥배곧,경기,슈퍼 마리오 브라더스,10:20,시흥시
MEGABOX,시흥배곧,경기,슈퍼 마리오 브라더스,12:30,시흥시
MEGABOX,시흥배곧,경기,슈퍼 마리오 브라더스,14:50,시흥시
MEGABOX,시흥배곧,경기,슈퍼 마리오 브라더스,11:40,시흥시
MEGABOX,시흥배곧,경기,슈퍼 마리오 브라더스,15:50,시흥시
MEGABOX,시흥배곧,경기,슈퍼 마리오 브라더스,17:50,시흥시
MEGABOX,시흥배곧,경기,슈퍼 마리오 브라더스,19:50,시흥시
MEGABOX,시흥배곧,경기,슈퍼 마리오 브라더스,21:50,시흥시
MEGABOX,시흥배곧,경기,슈퍼 마리오 브라더스,09:30,시흥시
MEGABOX,시흥배곧,경기,슈퍼 마리오 브라더스,13:40,시흥시
MEGABOX,시흥배곧,경기,드림,10:20,시흥시
MEGABOX,시흥배곧,경기,드림,12:50,시흥시
MEGABOX,시흥배곧,경기,드림,15:20,시흥시
MEGABOX,시흥배곧,경기,드림,17:50,시흥시
MEGABOX,시흥배곧,경기,드림,20:20,시흥시
MEGABOX,시흥배곧,경기,드림,22:50,시흥시
MEGABOX,시흥배곧,경기,극장판 짱구는 못말려: 동물소환 닌자 배꼽수비대,10:00,시흥시
MEGABOX,시흥배곧,경기,극장판 짱구는 못말려: 동물소환 닌자 배꼽수비대,12:10,시흥시
MEGABOX,시흥배곧,경기,극장판 짱구는 못말려: 동물소환 닌자 배꼽수비대,14:20,시흥시
MEGABOX,시흥배곧,경기,극장판 짱구는 못말려: 동물소환 닌자 배꼽수비대,16:30,시흥시
MEGABOX,시흥배곧,경기,스즈메의 문단속,18:40,시흥시
MEGABOX,시흥배곧,경기,존 윅 4,21:10,시흥시
MEGABOX,안산중앙,경기,가디언즈 오브 갤럭시: Volume 3,09:00,안산시
MEGABOX,안산중앙,경기,가디언즈 오브 갤럭시: Volume 3,11:55,안산시
MEGABOX,안산중앙,경기,가디언즈 오브 갤럭시: Volume 3,14:50,안산시
MEGABOX,안산중앙,경기,가디언즈 오브 갤럭시: Volume 3,17:45,안산시
MEGABOX,안산중앙,경기,가디언즈 오브 갤럭시: Volume 3,20:40,안산시
MEGABOX,안산중앙,경기,가디언즈 오브 갤럭시: Volume 3,11:00,안산시
MEGABOX,안산중앙,경기,가디언즈 오브 갤럭시: Volume 3,13:55,안산시
MEGABOX,안산중앙,경기,가디언즈 오브 갤럭시: Volume 3,16:50,안산시
MEGABOX,안산중앙,경기,가디언즈 오브 갤럭시: Volume 3,19:45,안산시
MEGABOX,안산중앙,경기,가디언즈 오브 갤럭시: Volume 3,22:40,안산시
MEGABOX,안산중앙,경기,가디언즈 오브 갤럭시: Volume 3,10:00,안산시
MEGABOX,안산중앙,경기,가디언즈 오브 갤럭시: Volume 3,12:55,안산시
MEGABOX,안산중앙,경기,가디언즈 오브 갤럭시: Volume 3,15:50,안산시
MEGABOX,안산중앙,경기,가디언즈 오브 갤럭시: Volume 3,18:45,안산시
MEGABOX,안산중앙,경기,가디언즈 오브 갤럭시: Volume 3,21:40,안산시
MEGABOX,안산중앙,경기,슈퍼 마리오 브라더스,09:00,안산시
MEGABOX,안산중앙,경기,슈퍼 마리오 브라더스,17:55,안산시
MEGABOX,안산중앙,경기,슈퍼 마리오 브라더스,11:25,안산시
MEGABOX,안산중앙,경기,슈퍼 마리오 브라더스,13:25,안산시
MEGABOX,안산중앙,경기,드림,09:50,안산시
MEGABOX,안산중앙,경기,드림,12:20,안산시
MEGABOX,안산중앙,경기,드림,14:50,안산시
MEGABOX,안산중앙,경기,드림,17:20,안산시
MEGABOX,안산중앙,경기,드림,19:50,안산시
MEGABOX,안산중앙,경기,드림,22:20,안산시
MEGABOX,안산중앙,경기,극장판 짱구는 못말려: 동물소환 닌자 배꼽수비대,09:20,안산시
MEGABOX,안산중앙,경기,극장판 짱구는 못말려: 동물소환 닌자 배꼽수비대,19:55,안산시
MEGABOX,안산중앙,경기,극장판 짱구는 못말려: 동물소환 닌자 배꼽수비대,22:00,안산시
MEGABOX,안산중앙,경기,극장판 짱구는 못말려: 동물소환 닌자 배꼽수비대,12:35,안산시
MEGABOX,안산중앙,경기,극장판 짱구는 못말려: 동물소환 닌자 배꼽수비대,14:40,안산시
MEGABOX,안산중앙,경기,극장판 짱구는 못말려: 동물소환 닌자 배꼽수비대,16:45,안산시
MEGABOX,안산중앙,경기,극장판 짱구는 못말려: 동물소환 닌자 배꼽수비대,18:50,안산시
MEGABOX,안산중앙,경기,극장판 짱구는 못말려: 동물소환 닌자 배꼽수비대,20:55,안산시
MEGABOX,안산중앙,경기,극장판 짱구는 못말려: 동물소환 닌자 배꼽수비대,23:00,안산시
MEGABOX,안산중앙,경기,스즈메의 문단속,15:25,안산시
MEGABOX,안산중앙,경기,존 윅 4,09:20,안산시
MEGABOX,안성스타필드,경기,가디언즈 오브 갤럭시: Volume 3,08:50,안성시
MEGABOX,안성스타필드,경기,가디언즈 오브 갤럭시: Volume 3,11:55,안성시
MEGABOX,안성스타필드,경기,가디언즈 오브 갤럭시: Volume 3,15:00,안성시
MEGABOX,안성스타필드,경기,가디언즈 오브 갤럭시: Volume 3,18:00,안성시
MEGABOX,안성스타필드,경기,가디언즈 오브 갤럭시: Volume 3,21:00,안성시
MEGABOX,안성스타필드,경기,가디언즈 오브 갤럭시: Volume 3,10:00,안성시
MEGABOX,안성스타필드,경기,가디언즈 오브 갤럭시: Volume 3,13:00,안성시
MEGABOX,안성스타필드,경기,가디언즈 오브 갤럭시: Volume 3,16:00,안성시
MEGABOX,안성스타필드,경기,가디언즈 오브 갤럭시: Volume 3,19:00,안성시
MEGABOX,안성스타필드,경기,가디언즈 오브 갤럭시: Volume 3,22:00,안성시
MEGABOX,안성스타필드,경기,가디언즈 오브 갤럭시: Volume 3,08:00,안성시
MEGABOX,안성스타필드,경기,가디언즈 오브 갤럭시: Volume 3,11:00,안성시
MEGABOX,안성스타필드,경기,가디언즈 오브 갤럭시: Volume 3,14:00,안성시
MEGABOX,안성스타필드,경기,가디언즈 오브 갤럭시: Volume 3,17:00,안성시
MEGABOX,안성스타필드,경기,가디언즈 오브 갤럭시: Volume 3,20:00,안성시
MEGABOX,안성스타필드,경기,가디언즈 오브 갤럭시: Volume 3,23:00,안성시
MEGABOX,안성스타필드,경기,슈퍼 마리오 브라더스,08:10,안성시
MEGABOX,안성스타필드,경기,슈퍼 마리오 브라더스,12:15,안성시
MEGABOX,안성스타필드,경기,슈퍼 마리오 브라더스,16:25,안성시
MEGABOX,안성스타필드,경기,슈퍼 마리오 브라더스,10:10,안성시
MEGABOX,안성스타필드,경기,슈퍼 마리오 브라더스,14:20,안성시
MEGABOX,안성스타필드,경기,슈퍼 마리오 브라더스,17:20,안성시
MEGABOX,안성스타필드,경기,슈퍼 마리오 브라더스,19:25,안성시
MEGABOX,안성스타필드,경기,슈퍼 마리오 브라더스,21:30,안성시
MEGABOX,안성스타필드,경기,슈퍼 마리오 브라더스,09:00,안성시
MEGABOX,안성스타필드,경기,슈퍼 마리오 브라더스,11:05,안성시
MEGABOX,안성스타필드,경기,슈퍼 마리오 브라더스,13:10,안성시
MEGABOX,안성스타필드,경기,슈퍼 마리오 브라더스,15:15,안성시
MEGABOX,안성스타필드,경기,드림,08:20,안성시
MEGABOX,안성스타필드,경기,드림,10:55,안성시
MEGABOX,안성스타필드,경기,드림,13:30,안성시
MEGABOX,안성스타필드,경기,드림,16:05,안성시
MEGABOX,안성스타필드,경기,드림,18:35,안성시
MEGABOX,안성스타필드,경기,드림,21:05,안성시
MEGABOX,안성스타필드,경기,드림,23:35,안성시
MEGABOX,안성스타필드,경기,극장판 짱구는 못말려: 동물소환 닌자 배꼽수비대,09:20,안성시
MEGABOX,안성스타필드,경기,극장판 짱구는 못말려: 동물소환 닌자 배꼽수비대,11:30,안성시
MEGABOX,안성스타필드,경기,극장판 짱구는 못말려: 동물소환 닌자 배꼽수비대,13:40,안성시
MEGABOX,안성스타필드,경기,극장판 짱구는 못말려: 동물소환 닌자 배꼽수비대,15:50,안성시
MEGABOX,안성스타필드,경기,극장판 짱구는 못말려: 동물소환 닌자 배꼽수비대,18:00,안성시
MEGABOX,안성스타필드,경기,극장판 짱구는 못말려: 동물소환 닌자 배꼽수비대,20:10,안성시
MEGABOX,안성스타필드,경기,스즈메의 문단속,18:25,안성시
MEGABOX,안성스타필드,경기,스즈메의 문단속,20:55,안성시
MEGABOX,안성스타필드,경기,스즈메의 문단속,23:25,안성시
MEGABOX,안성스타필드,경기,더 퍼스트 슬램덩크,23:35,안성시
MEGABOX,안성스타필드,경기,존 윅 4,22:20,안성시
MEGABOX,양주,경기,가디언즈 오브 갤럭시: Volume 3,20:30,양주시
MEGABOX,양주,경기,가디언즈 오브 갤럭시: Volume 3,10:30,양주시
MEGABOX,양주,경기,가디언즈 오브 갤럭시: Volume 3,13:30,양주시
MEGABOX,양주,경기,가디언즈 오브 갤럭시: Volume 3,16:30,양주시
MEGABOX,양주,경기,가디언즈 오브 갤럭시: Volume 3,19:30,양주시
MEGABOX,양주,경기,가디언즈 오브 갤럭시: Volume 3,15:20,양주시
MEGABOX,양주,경기,가디언즈 오브 갤럭시: Volume 3,18:30,양주시
MEGABOX,양주,경기,가디언즈 오브 갤럭시: Volume 3,21:30,양주시
MEGABOX,양주,경기,슈퍼 마리오 브라더스,09:50,양주시
MEGABOX,양주,경기,슈퍼 마리오 브라더스,11:55,양주시
MEGABOX,양주,경기,슈퍼 마리오 브라더스,14:00,양주시
MEGABOX,양주,경기,슈퍼 마리오 브라더스,16:05,양주시
MEGABOX,양주,경기,슈퍼 마리오 브라더스,18:10,양주시
MEGABOX,양주,경기,슈퍼 마리오 브라더스,12:45,양주시
MEGABOX,양주,경기,드림,20:55,양주시
MEGABOX,양주,경기,드림,10:10,양주시
MEGABOX,양주,경기,극장판 짱구는 못말려: 동물소환 닌자 배꼽수비대,10:50,양주시
MEGABOX,양주,경기,극장판 짱구는 못말려: 동물소환 닌자 배꼽수비대,15:40,양주시
MEGABOX,양주,경기,스즈메의 문단속,13:00,양주시
MEGABOX,양주,경기,스즈메의 문단속,17:50,양주시
MEGABOX,영통,경기,가디언즈 오브 갤럭시: Volume 3,09:15,수원시
MEGABOX,영통,경기,가디언즈 오브 갤럭시: Volume 3,12:15,수원시
MEGABOX,영통,경기,가디언즈 오브 갤럭시: Volume 3,15:15,수원시
MEGABOX,영통,경기,가디언즈 오브 갤럭시: Volume 3,18:15,수원시
MEGABOX,영통,경기,가디언즈 오브 갤럭시: Volume 3,21:15,수원시
MEGABOX,영통,경기,가디언즈 오브 갤럭시: Volume 3,24:15,수원시
MEGABOX,영통,경기,가디언즈 오브 갤럭시: Volume 3,10:00,수원시
MEGABOX,영통,경기,가디언즈 오브 갤럭시: Volume 3,13:00,수원시
MEGABOX,영통,경기,가디언즈 오브 갤럭시: Volume 3,19:00,수원시
MEGABOX,영통,경기,가디언즈 오브 갤럭시: Volume 3,22:00,수원시
MEGABOX,영통,경기,가디언즈 오브 갤럭시: Volume 3,08:30,수원시
MEGABOX,영통,경기,가디언즈 오브 갤럭시: Volume 3,11:30,수원시
MEGABOX,영통,경기,가디언즈 오브 갤럭시: Volume 3,14:30,수원시
MEGABOX,영통,경기,가디언즈 오브 갤럭시: Volume 3,17:30,수원시
MEGABOX,영통,경기,가디언즈 오브 갤럭시: Volume 3,20:30,수원시
MEGABOX,영통,경기,가디언즈 오브 갤럭시: Volume 3,23:30,수원시
MEGABOX,영통,경기,가디언즈 오브 갤럭시: Volume 3,10:50,수원시
MEGABOX,영통,경기,가디언즈 오브 갤럭시: Volume 3,13:45,수원시
MEGABOX,영통,경기,가디언즈 오브 갤럭시: Volume 3,16:45,수원시
MEGABOX,영통,경기,가디언즈 오브 갤럭시: Volume 3,19:45,수원시
MEGABOX,영통,경기,가디언즈 오브 갤럭시: Volume 3,22:45,수원시
MEGABOX,영통,경기,가디언즈 오브 갤럭시: Volume 3,16:15,수원시
MEGABOX,영통,경기,가디언즈 오브 갤럭시: Volume 3,11:50,수원시
MEGABOX,영통,경기,가디언즈 오브 갤럭시: Volume 3,14:50,수원시
MEGABOX,영통,경기,가디언즈 오브 갤럭시: Volume 3,17:50,수원시
MEGABOX,영통,경기,가디언즈 오브 갤럭시: Volume 3,20:50,수원시
MEGABOX,영통,경기,슈퍼 마리오 브라더스,09:30,수원시
MEGABOX,영통,경기,슈퍼 마리오 브라더스,11:30,수원시
MEGABOX,영통,경기,슈퍼 마리오 브라더스,13:30,수원시
MEGABOX,영통,경기,슈퍼 마리오 브라더스,15:30,수원시
MEGABOX,영통,경기,슈퍼 마리오 브라더스,17:30,수원시
MEGABOX,영통,경기,슈퍼 마리오 브라더스,19:30,수원시
MEGABOX,영통,경기,슈퍼 마리오 브라더스,21:30,수원시
MEGABOX,영통,경기,슈퍼 마리오 브라더스,09:00,수원시
MEGABOX,영통,경기,슈퍼 마리오 브라더스,11:00,수원시
MEGABOX,영통,경기,슈퍼 마리오 브라더스,13:00,수원시
MEGABOX,영통,경기,슈퍼 마리오 브라더스,15:00,수원시
MEGABOX,영통,경기,슈퍼 마리오 브라더스,17:00,수원시
MEGABOX,영통,경기,슈퍼 마리오 브라더스,10:15,수원시
MEGABOX,영통,경기,슈퍼 마리오 브라더스,12:15,수원시
MEGABOX,영통,경기,슈퍼 마리오 브라더스,14:15,수원시
MEGABOX,영통,경기,슈퍼 마리오 브라더스,17:50,수원시
MEGABOX,영통,경기,슈퍼 마리오 브라더스,20:50,수원시
MEGABOX,영통,경기,슈퍼 마리오 브라더스,11:50,수원시
MEGABOX,영통,경기,슈퍼 마리오 브라더스,14:50,수원시
MEGABOX,영통,경기,드림,08:45,수원시
MEGABOX,영통,경기,드림,11:15,수원시
MEGABOX,영통,경기,드림,19:05,수원시
MEGABOX,영통,경기,드림,21:40,수원시
MEGABOX,영통,경기,드림,24:15,수원시
MEGABOX,영통,경기,극장판 짱구는 못말려: 동물소환 닌자 배꼽수비대,09:45,수원시
MEGABOX,영통,경기,극장판 짱구는 못말려: 동물소환 닌자 배꼽수비대,11:55,수원시
MEGABOX,영통,경기,극장판 짱구는 못말려: 동물소환 닌자 배꼽수비대,14:05,수원시
MEGABOX,영통,경기,극장판 짱구는 못말려: 동물소환 닌자 배꼽수비대,16:15,수원시
MEGABOX,영통,경기,스즈메의 문단속,13:55,수원시
MEGABOX,영통,경기,스즈메의 문단속,16:30,수원시
MEGABOX,영통,경기,스즈메의 문단속,08:20,수원시
MEGABOX,영통,경기,스즈메의 문단속,19:00,수원시
MEGABOX,영통,경기,스즈메의 문단속,21:30,수원시
MEGABOX,영통,경기,스즈메의 문단속,24:00,수원시
MEGABOX,영통,경기,[응원상영] 더 퍼스트 슬램덩크,16:00,수원시
MEGABOX,영통,경기,더 퍼스트 슬램덩크,20:55,수원시
MEGABOX,영통,경기,더 퍼스트 슬램덩크,18:25,수원시
MEGABOX,영통,경기,더 퍼스트 슬램덩크,23:25,수원시
MEGABOX,영통,경기,존 윅 4,23:40,수원시
MEGABOX,영통,경기,존 윅 4,19:15,수원시
MEGABOX,영통,경기,존 윅 4,22:30,수원시
MEGABOX,용인기흥,경기,가디언즈 오브 갤럭시: Volume 3,09:50,용인시
MEGABOX,용인기흥,경기,가디언즈 오브 갤럭시: Volume 3,12:50,용인시
MEGABOX,용인기흥,경기,가디언즈 오브 갤럭시: Volume 3,15:50,용인시
MEGABOX,용인기흥,경기,가디언즈 오브 갤럭시: Volume 3,18:50,용인시
MEGABOX,용인기흥,경기,가디언즈 오브 갤럭시: Volume 3,18:00,용인시
MEGABOX,용인기흥,경기,가디언즈 오브 갤럭시: Volume 3,10:35,용인시
MEGABOX,용인기흥,경기,가디언즈 오브 갤럭시: Volume 3,13:35,용인시
MEGABOX,용인기흥,경기,가디언즈 오브 갤럭시: Volume 3,16:35,용인시
MEGABOX,용인기흥,경기,가디언즈 오브 갤럭시: Volume 3,19:35,용인시
MEGABOX,용인기흥,경기,가디언즈 오브 갤럭시: Volume 3,11:20,용인시
MEGABOX,용인기흥,경기,가디언즈 오브 갤럭시: Volume 3,14:20,용인시
MEGABOX,용인기흥,경기,가디언즈 오브 갤럭시: Volume 3,17:20,용인시
MEGABOX,용인기흥,경기,가디언즈 오브 갤럭시: Volume 3,20:20,용인시
MEGABOX,용인기흥,경기,슈퍼 마리오 브라더스,09:45,용인시
MEGABOX,용인기흥,경기,슈퍼 마리오 브라더스,20:55,용인시
MEGABOX,용인기흥,경기,슈퍼 마리오 브라더스,13:50,용인시
MEGABOX,용인기흥,경기,슈퍼 마리오 브라더스,18:20,용인시
MEGABOX,용인기흥,경기,슈퍼 마리오 브라더스,20:20,용인시
MEGABOX,용인기흥,경기,슈퍼 마리오 브라더스,10:20,용인시
MEGABOX,용인기흥,경기,슈퍼 마리오 브라더스,12:20,용인시
MEGABOX,용인기흥,경기,슈퍼 마리오 브라더스,14:20,용인시
MEGABOX,용인기흥,경기,슈퍼 마리오 브라더스,16:20,용인시
MEGABOX,용인기흥,경기,슈퍼 마리오 브라더스,11:10,용인시
MEGABOX,용인기흥,경기,슈퍼 마리오 브라더스,13:10,용인시
MEGABOX,용인기흥,경기,슈퍼 마리오 브라더스,15:20,용인시
MEGABOX,용인기흥,경기,슈퍼 마리오 브라더스,17:20,용인시
MEGABOX,용인기흥,경기,드림,19:20,용인시
MEGABOX,용인기흥,경기,극장판 짱구는 못말려: 동물소환 닌자 배꼽수비대,11:45,용인시
MEGABOX,용인기흥,경기,극장판 짱구는 못말려: 동물소환 닌자 배꼽수비대,15:55,용인시
MEGABOX,용인테크노밸리,경기,가디언즈 오브 갤럭시: Volume 3,11:20,용인시
MEGABOX,용인테크노밸리,경기,가디언즈 오브 갤럭시: Volume 3,14:30,용인시
MEGABOX,용인테크노밸리,경기,가디언즈 오브 갤럭시: Volume 3,17:40,용인시
MEGABOX,용인테크노밸리,경기,가디언즈 오브 갤럭시: Volume 3,09:00,용인시
MEGABOX,용인테크노밸리,경기,가디언즈 오브 갤럭시: Volume 3,12:05,용인시
MEGABOX,용인테크노밸리,경기,가디언즈 오브 갤럭시: Volume 3,15:10,용인시
MEGABOX,용인테크노밸리,경기,가디언즈 오브 갤럭시: Volume 3,18:15,용인시
MEGABOX,용인테크노밸리,경기,가디언즈 오브 갤럭시: Volume 3,21:20,용인시
MEGABOX,용인테크노밸리,경기,가디언즈 오브 갤럭시: Volume 3,09:30,용인시
MEGABOX,용인테크노밸리,경기,가디언즈 오브 갤럭시: Volume 3,19:05,용인시
MEGABOX,용인테크노밸리,경기,가디언즈 오브 갤럭시: Volume 3,22:10,용인시
MEGABOX,용인테크노밸리,경기,슈퍼 마리오 브라더스,11:40,용인시
MEGABOX,용인테크노밸리,경기,슈퍼 마리오 브라더스,13:50,용인시
MEGABOX,용인테크노밸리,경기,슈퍼 마리오 브라더스,16:00,용인시
MEGABOX,용인테크노밸리,경기,슈퍼 마리오 브라더스,09:10,용인시
MEGABOX,용인테크노밸리,경기,슈퍼 마리오 브라더스,14:55,용인시
MEGABOX,용인테크노밸리,경기,슈퍼 마리오 브라더스,21:25,용인시
MEGABOX,용인테크노밸리,경기,슈퍼 마리오 브라더스,10:30,용인시
MEGABOX,용인테크노밸리,경기,슈퍼 마리오 브라더스,12:45,용인시
MEGABOX,용인테크노밸리,경기,슈퍼 마리오 브라더스,17:05,용인시
MEGABOX,용인테크노밸리,경기,슈퍼 마리오 브라더스,19:15,용인시
MEGABOX,용인테크노밸리,경기,슈퍼 마리오 브라더스,12:25,용인시
MEGABOX,용인테크노밸리,경기,슈퍼 마리오 브라더스,17:15,용인시
MEGABOX,용인테크노밸리,경기,드림,09:00,용인시
MEGABOX,용인테크노밸리,경기,드림,18:10,용인시
MEGABOX,용인테크노밸리,경기,드림,20:50,용인시
MEGABOX,용인테크노밸리,경기,드림,12:45,용인시
MEGABOX,용인테크노밸리,경기,극장판 짱구는 못말려: 동물소환 닌자 배꼽수비대,10:00,용인시
MEGABOX,용인테크노밸리,경기,극장판 짱구는 못말려: 동물소환 닌자 배꼽수비대,19:25,용인시
MEGABOX,용인테크노밸리,경기,스즈메의 문단속,14:35,용인시
MEGABOX,용인테크노밸리,경기,더 퍼스트 슬램덩크,21:35,용인시
MEGABOX,용인테크노밸리,경기,존 윅 4,20:50,용인시
MEGABOX,용인테크노밸리,경기,존 윅 4,15:30,용인시
MEGABOX,의정부민락,경기,가디언즈 오브 갤럭시: Volume 3,16:50,의정부시
MEGABOX,의정부민락,경기,가디언즈 오브 갤럭시: Volume 3,19:50,의정부시
MEGABOX,의정부민락,경기,가디언즈 오브 갤럭시: Volume 3,09:50,의정부시
MEGABOX,의정부민락,경기,가디언즈 오브 갤럭시: Volume 3,12:50,의정부시
MEGABOX,의정부민락,경기,가디언즈 오브 갤럭시: Volume 3,15:50,의정부시
MEGABOX,의정부민락,경기,가디언즈 오브 갤럭시: Volume 3,18:50,의정부시
MEGABOX,의정부민락,경기,가디언즈 오브 갤럭시: Volume 3,21:50,의정부시
MEGABOX,의정부민락,경기,가디언즈 오브 갤럭시: Volume 3,08:50,의정부시
MEGABOX,의정부민락,경기,가디언즈 오브 갤럭시: Volume 3,11:50,의정부시
MEGABOX,의정부민락,경기,가디언즈 오브 갤럭시: Volume 3,14:50,의정부시
MEGABOX,의정부민락,경기,가디언즈 오브 갤럭시: Volume 3,17:50,의정부시
MEGABOX,의정부민락,경기,가디언즈 오브 갤럭시: Volume 3,20:50,의정부시
MEGABOX,의정부민락,경기,슈퍼 마리오 브라더스,09:00,의정부시
MEGABOX,의정부민락,경기,슈퍼 마리오 브라더스,17:20,의정부시
MEGABOX,의정부민락,경기,슈퍼 마리오 브라더스,19:25,의정부시
MEGABOX,의정부민락,경기,슈퍼 마리오 브라더스,21:30,의정부시
MEGABOX,의정부민락,경기,슈퍼 마리오 브라더스,11:05,의정부시
MEGABOX,의정부민락,경기,슈퍼 마리오 브라더스,13:10,의정부시
MEGABOX,의정부민락,경기,슈퍼 마리오 브라더스,15:15,의정부시
MEGABOX,의정부민락,경기,슈퍼 마리오 브라더스,12:15,의정부시
MEGABOX,의정부민락,경기,드림,11:30,의정부시
MEGABOX,의정부민락,경기,드림,18:40,의정부시
MEGABOX,의정부민락,경기,드림,21:15,의정부시
MEGABOX,의정부민락,경기,드림,09:20,의정부시
MEGABOX,의정부민락,경기,드림,14:30,의정부시
MEGABOX,의정부민락,경기,드림,17:05,의정부시
MEGABOX,의정부민락,경기,드림,22:15,의정부시
MEGABOX,의정부민락,경기,극장판 짱구는 못말려: 동물소환 닌자 배꼽수비대,10:05,의정부시
MEGABOX,의정부민락,경기,극장판 짱구는 못말려: 동물소환 닌자 배꼽수비대,14:20,의정부시
MEGABOX,의정부민락,경기,극장판 짱구는 못말려: 동물소환 닌자 배꼽수비대,16:30,의정부시
MEGABOX,의정부민락,경기,스즈메의 문단속,08:55,의정부시
MEGABOX,의정부민락,경기,스즈메의 문단속,14:05,의정부시
MEGABOX,의정부민락,경기,스즈메의 문단속,11:55,의정부시
MEGABOX,의정부민락,경기,스즈메의 문단속,19:40,의정부시
MEGABOX,일산,경기,가디언즈 오브 갤럭시: Volume 3,09:00,고양시
MEGABOX,일산,경기,가디언즈 오브 갤럭시: Volume 3,11:55,고양시
MEGABOX,일산,경기,가디언즈 오브 갤럭시: Volume 3,14:50,고양시
MEGABOX,일산,경기,가디언즈 오브 갤럭시: Volume 3,17:45,고양시
MEGABOX,일산,경기,가디언즈 오브 갤럭시: Volume 3,20:40,고양시
MEGABOX,일산,경기,가디언즈 오브 갤럭시: Volume 3,23:35,고양시
MEGABOX,일산,경기,가디언즈 오브 갤럭시: Volume 3,09:40,고양시
MEGABOX,일산,경기,가디언즈 오브 갤럭시: Volume 3,12:40,고양시
MEGABOX,일산,경기,가디언즈 오브 갤럭시: Volume 3,15:35,고양시
MEGABOX,일산,경기,가디언즈 오브 갤럭시: Volume 3,18:30,고양시
MEGABOX,일산,경기,가디언즈 오브 갤럭시: Volume 3,21:25,고양시
MEGABOX,일산,경기,가디언즈 오브 갤럭시: Volume 3,14:10,고양시
MEGABOX,일산,경기,가디언즈 오브 갤럭시: Volume 3,17:05,고양시
MEGABOX,일산,경기,가디언즈 오브 갤럭시: Volume 3,20:00,고양시
MEGABOX,일산,경기,가디언즈 오브 갤럭시: Volume 3,22:55,고양시
MEGABOX,일산,경기,가디언즈 오브 갤럭시: Volume 3,10:30,고양시
MEGABOX,일산,경기,가디언즈 오브 갤럭시: Volume 3,13:25,고양시
MEGABOX,일산,경기,가디언즈 오브 갤럭시: Volume 3,16:20,고양시
MEGABOX,일산,경기,가디언즈 오브 갤럭시: Volume 3,19:15,고양시
MEGABOX,일산,경기,가디언즈 오브 갤럭시: Volume 3,22:10,고양시
MEGABOX,일산,경기,슈퍼 마리오 브라더스,09:00,고양시
MEGABOX,일산,경기,슈퍼 마리오 브라더스,24:00,고양시
MEGABOX,일산,경기,슈퍼 마리오 브라더스,11:00,고양시
MEGABOX,일산,경기,슈퍼 마리오 브라더스,13:00,고양시
MEGABOX,일산,경기,슈퍼 마리오 브라더스,15:00,고양시
MEGABOX,일산,경기,슈퍼 마리오 브라더스,17:00,고양시
MEGABOX,일산,경기,슈퍼 마리오 브라더스,10:00,고양시
MEGABOX,일산,경기,슈퍼 마리오 브라더스,12:00,고양시
MEGABOX,일산,경기,슈퍼 마리오 브라더스,14:00,고양시
MEGABOX,일산,경기,슈퍼 마리오 브라더스,16:00,고양시
MEGABOX,일산,경기,슈퍼 마리오 브라더스,18:00,고양시
MEGABOX,일산,경기,슈퍼 마리오 브라더스,19:45,고양시
MEGABOX,일산,경기,슈퍼 마리오 브라더스,21:45,고양시
MEGABOX,일산,경기,드림,20:00,고양시
MEGABOX,일산,경기,드림,22:35,고양시
MEGABOX,일산,경기,드림,09:30,고양시
MEGABOX,일산,경기,드림,12:05,고양시
MEGABOX,일산,경기,드림,17:10,고양시
MEGABOX,일산,경기,극장판 짱구는 못말려: 동물소환 닌자 배꼽수비대,09:00,고양시
MEGABOX,일산,경기,극장판 짱구는 못말려: 동물소환 닌자 배꼽수비대,11:10,고양시
MEGABOX,일산,경기,극장판 짱구는 못말려: 동물소환 닌자 배꼽수비대,13:20,고양시
MEGABOX,일산,경기,극장판 짱구는 못말려: 동물소환 닌자 배꼽수비대,15:30,고양시
MEGABOX,일산,경기,극장판 짱구는 못말려: 동물소환 닌자 배꼽수비대,17:40,고양시
MEGABOX,일산,경기,극장판 짱구는 못말려: 동물소환 닌자 배꼽수비대,09:50,고양시
MEGABOX,일산,경기,극장판 짱구는 못말려: 동물소환 닌자 배꼽수비대,12:00,고양시
MEGABOX,일산,경기,스즈메의 문단속,19:00,고양시
MEGABOX,일산,경기,스즈메의 문단속,21:30,고양시
MEGABOX,일산,경기,스즈메의 문단속,14:40,고양시
MEGABOX,일산,경기,스즈메의 문단속,23:45,고양시
MEGABOX,일산,경기,존 윅 4,19:50,고양시
MEGABOX,일산,경기,존 윅 4,23:05,고양시
MEGABOX,킨텍스,경기,가디언즈 오브 갤럭시: Volume 3,08:30,고양시
MEGABOX,킨텍스,경기,가디언즈 오브 갤럭시: Volume 3,11:30,고양시
MEGABOX,킨텍스,경기,가디언즈 오브 갤럭시: Volume 3,14:30,고양시
MEGABOX,킨텍스,경기,가디언즈 오브 갤럭시: Volume 3,17:30,고양시
MEGABOX,킨텍스,경기,가디언즈 오브 갤럭시: Volume 3,20:30,고양시
MEGABOX,킨텍스,경기,가디언즈 오브 갤럭시: Volume 3,09:00,고양시
MEGABOX,킨텍스,경기,가디언즈 오브 갤럭시: Volume 3,12:00,고양시
MEGABOX,킨텍스,경기,가디언즈 오브 갤럭시: Volume 3,15:00,고양시
MEGABOX,킨텍스,경기,가디언즈 오브 갤럭시: Volume 3,18:00,고양시
MEGABOX,킨텍스,경기,가디언즈 오브 갤럭시: Volume 3,21:00,고양시
MEGABOX,킨텍스,경기,가디언즈 오브 갤럭시: Volume 3,09:30,고양시
MEGABOX,킨텍스,경기,가디언즈 오브 갤럭시: Volume 3,12:30,고양시
MEGABOX,킨텍스,경기,가디언즈 오브 갤럭시: Volume 3,15:30,고양시
MEGABOX,킨텍스,경기,가디언즈 오브 갤럭시: Volume 3,18:30,고양시
MEGABOX,킨텍스,경기,가디언즈 오브 갤럭시: Volume 3,21:30,고양시
MEGABOX,킨텍스,경기,슈퍼 마리오 브라더스,08:30,고양시
MEGABOX,킨텍스,경기,슈퍼 마리오 브라더스,10:30,고양시
MEGABOX,킨텍스,경기,슈퍼 마리오 브라더스,12:35,고양시
MEGABOX,킨텍스,경기,슈퍼 마리오 브라더스,14:40,고양시
MEGABOX,킨텍스,경기,슈퍼 마리오 브라더스,16:45,고양시
MEGABOX,킨텍스,경기,슈퍼 마리오 브라더스,09:00,고양시
MEGABOX,킨텍스,경기,슈퍼 마리오 브라더스,19:25,고양시
MEGABOX,킨텍스,경기,슈퍼 마리오 브라더스,21:30,고양시
MEGABOX,킨텍스,경기,슈퍼 마리오 브라더스,11:05,고양시
MEGABOX,킨텍스,경기,슈퍼 마리오 브라더스,17:20,고양시
MEGABOX,킨텍스,경기,슈퍼 마리오 브라더스,13:10,고양시
MEGABOX,킨텍스,경기,슈퍼 마리오 브라더스,15:15,고양시
MEGABOX,킨텍스,경기,슈퍼 마리오 브라더스,18:10,고양시
MEGABOX,킨텍스,경기,슈퍼 마리오 브라더스,20:15,고양시
MEGABOX,킨텍스,경기,슈퍼 마리오 브라더스,09:50,고양시
MEGABOX,킨텍스,경기,슈퍼 마리오 브라더스,16:05,고양시
MEGABOX,킨텍스,경기,슈퍼 마리오 브라더스,11:55,고양시
MEGABOX,킨텍스,경기,슈퍼 마리오 브라더스,14:00,고양시
MEGABOX,킨텍스,경기,드림,21:00,고양시
MEGABOX,킨텍스,경기,드림,09:10,고양시
MEGABOX,킨텍스,경기,드림,11:50,고양시
MEGABOX,킨텍스,경기,드림,14:30,고양시
MEGABOX,킨텍스,경기,드림,17:10,고양시
MEGABOX,킨텍스,경기,드림,19:50,고양시
MEGABOX,킨텍스,경기,드림,22:30,고양시
MEGABOX,킨텍스,경기,극장판 짱구는 못말려: 동물소환 닌자 배꼽수비대,09:10,고양시
MEGABOX,킨텍스,경기,극장판 짱구는 못말려: 동물소환 닌자 배꼽수비대,11:20,고양시
MEGABOX,킨텍스,경기,극장판 짱구는 못말려: 동물소환 닌자 배꼽수비대,13:30,고양시
MEGABOX,킨텍스,경기,스즈메의 문단속,15:45,고양시
MEGABOX,킨텍스,경기,스즈메의 문단속,18:20,고양시
MEGABOX,킨텍스,경기,존 윅 4,18:50,고양시
MEGABOX,킨텍스,경기,존 윅 4,22:10,고양시
MEGABOX,킨텍스,경기,리턴 투 서울,22:20,고양시
MEGABOX,파주금촌,경기,가디언즈 오브 갤럭시: Volume 3,11:55,파주시
MEGABOX,파주금촌,경기,가디언즈 오브 갤럭시: Volume 3,14:50,파주시
MEGABOX,파주금촌,경기,가디언즈 오브 갤럭시: Volume 3,17:45,파주시
MEGABOX,파주금촌,경기,가디언즈 오브 갤럭시: Volume 3,20:40,파주시
MEGABOX,파주금촌,경기,가디언즈 오브 갤럭시: Volume 3,23:35,파주시
MEGABOX,파주금촌,경기,가디언즈 오브 갤럭시: Volume 3,09:00,파주시
MEGABOX,파주금촌,경기,가디언즈 오브 갤럭시: Volume 3,10:00,파주시
MEGABOX,파주금촌,경기,가디언즈 오브 갤럭시: Volume 3,12:55,파주시
MEGABOX,파주금촌,경기,가디언즈 오브 갤럭시: Volume 3,15:50,파주시
MEGABOX,파주금촌,경기,가디언즈 오브 갤럭시: Volume 3,18:45,파주시
MEGABOX,파주금촌,경기,가디언즈 오브 갤럭시: Volume 3,21:40,파주시
MEGABOX,파주금촌,경기,가디언즈 오브 갤럭시: Volume 3,08:00,파주시
MEGABOX,파주금촌,경기,가디언즈 오브 갤럭시: Volume 3,10:55,파주시
MEGABOX,파주금촌,경기,가디언즈 오브 갤럭시: Volume 3,13:50,파주시
MEGABOX,파주금촌,경기,가디언즈 오브 갤럭시: Volume 3,16:45,파주시
MEGABOX,파주금촌,경기,가디언즈 오브 갤럭시: Volume 3,19:40,파주시
MEGABOX,파주금촌,경기,가디언즈 오브 갤럭시: Volume 3,22:35,파주시
MEGABOX,파주금촌,경기,슈퍼 마리오 브라더스,12:30,파주시
MEGABOX,파주금촌,경기,슈퍼 마리오 브라더스,14:30,파주시
MEGABOX,파주금촌,경기,슈퍼 마리오 브라더스,08:10,파주시
MEGABOX,파주금촌,경기,슈퍼 마리오 브라더스,17:00,파주시
MEGABOX,파주금촌,경기,슈퍼 마리오 브라더스,21:25,파주시
MEGABOX,파주금촌,경기,슈퍼 마리오 브라더스,10:05,파주시
MEGABOX,파주금촌,경기,드림,20:05,파주시
MEGABOX,파주금촌,경기,드림,08:30,파주시
MEGABOX,파주금촌,경기,드림,11:00,파주시
MEGABOX,파주금촌,경기,드림,13:30,파주시
MEGABOX,파주금촌,경기,드림,16:00,파주시
MEGABOX,파주금촌,경기,드림,18:30,파주시
MEGABOX,파주금촌,경기,드림,21:00,파주시
MEGABOX,파주금촌,경기,드림,23:30,파주시
MEGABOX,파주금촌,경기,극장판 짱구는 못말려: 동물소환 닌자 배꼽수비대,09:30,파주시
MEGABOX,파주금촌,경기,극장판 짱구는 못말려: 동물소환 닌자 배꼽수비대,11:35,파주시
MEGABOX,파주금촌,경기,극장판 짱구는 못말려: 동물소환 닌자 배꼽수비대,13:40,파주시
MEGABOX,파주금촌,경기,극장판 짱구는 못말려: 동물소환 닌자 배꼽수비대,15:50,파주시
MEGABOX,파주금촌,경기,극장판 짱구는 못말려: 동물소환 닌자 배꼽수비대,18:00,파주시
MEGABOX,파주금촌,경기,스즈메의 문단속,22:35,파주시
MEGABOX,파주금촌,경기,스즈메의 문단속,16:30,파주시
MEGABOX,파주금촌,경기,스즈메의 문단속,14:30,파주시
MEGABOX,파주금촌,경기,스즈메의 문단속,18:55,파주시
MEGABOX,파주금촌,경기,존 윅 4,09:20,파주시
MEGABOX,파주금촌,경기,존 윅 4,19:00,파주시
MEGABOX,파주금촌,경기,존 윅 4,22:15,파주시
MEGABOX,파주금촌,경기,리바운드,12:05,파주시
MEGABOX,파주금촌,경기,리바운드,23:20,파주시
MEGABOX,파주운정,경기,가디언즈 오브 갤럭시: Volume 3,09:10,파주시
MEGABOX,파주운정,경기,가디언즈 오브 갤럭시: Volume 3,12:05,파주시
MEGABOX,파주운정,경기,가디언즈 오브 갤럭시: Volume 3,15:00,파주시
MEGABOX,파주운정,경기,가디언즈 오브 갤럭시: Volume 3,17:55,파주시
MEGABOX,파주운정,경기,가디언즈 오브 갤럭시: Volume 3,20:50,파주시
MEGABOX,파주운정,경기,가디언즈 오브 갤럭시: Volume 3,11:15,파주시
MEGABOX,파주운정,경기,가디언즈 오브 갤럭시: Volume 3,14:10,파주시
MEGABOX,파주운정,경기,가디언즈 오브 갤럭시: Volume 3,17:05,파주시
MEGABOX,파주운정,경기,가디언즈 오브 갤럭시: Volume 3,20:00,파주시
MEGABOX,파주운정,경기,가디언즈 오브 갤럭시: Volume 3,22:55,파주시
MEGABOX,파주운정,경기,가디언즈 오브 갤럭시: Volume 3,10:00,파주시
MEGABOX,파주운정,경기,가디언즈 오브 갤럭시: Volume 3,12:55,파주시
MEGABOX,파주운정,경기,가디언즈 오브 갤럭시: Volume 3,15:50,파주시
MEGABOX,파주운정,경기,가디언즈 오브 갤럭시: Volume 3,18:45,파주시
MEGABOX,파주운정,경기,가디언즈 오브 갤럭시: Volume 3,21:40,파주시
MEGABOX,파주운정,경기,슈퍼 마리오 브라더스,09:15,파주시
MEGABOX,파주운정,경기,슈퍼 마리오 브라더스,17:30,파주시
MEGABOX,파주운정,경기,슈퍼 마리오 브라더스,09:30,파주시
MEGABOX,파주운정,경기,슈퍼 마리오 브라더스,11:30,파주시
MEGABOX,파주운정,경기,슈퍼 마리오 브라더스,13:30,파주시
MEGABOX,파주운정,경기,슈퍼 마리오 브라더스,15:30,파주시
MEGABOX,파주운정,경기,슈퍼 마리오 브라더스,10:25,파주시
MEGABOX,파주운정,경기,슈퍼 마리오 브라더스,12:25,파주시
MEGABOX,파주운정,경기,슈퍼 마리오 브라더스,14:25,파주시
MEGABOX,파주운정,경기,슈퍼 마리오 브라더스,12:40,파주시
MEGABOX,파주운정,경기,드림,15:35,파주시
MEGABOX,파주운정,경기,드림,10:10,파주시
MEGABOX,파주운정,경기,드림,17:10,파주시
MEGABOX,파주운정,경기,드림,19:40,파주시
MEGABOX,파주운정,경기,극장판 짱구는 못말려: 동물소환 닌자 배꼽수비대,09:20,파주시
MEGABOX,파주운정,경기,극장판 짱구는 못말려: 동물소환 닌자 배꼽수비대,11:25,파주시
MEGABOX,파주운정,경기,극장판 짱구는 못말려: 동물소환 닌자 배꼽수비대,13:30,파주시
MEGABOX,파주운정,경기,스즈메의 문단속,22:45,파주시
MEGABOX,파주운정,경기,스즈메의 문단속,16:25,파주시
MEGABOX,파주운정,경기,스즈메의 문단속,21:25,파주시
MEGABOX,파주운정,경기,스즈메의 문단속,14:40,파주시
MEGABOX,파주운정,경기,더 퍼스트 슬램덩크,18:05,파주시
MEGABOX,파주운정,경기,더 퍼스트 슬램덩크,22:10,파주시
MEGABOX,파주운정,경기,존 윅 4,19:30,파주시
MEGABOX,파주운정,경기,존 윅 4,20:35,파주시
MEGABOX,파주운정,경기,리바운드,18:55,파주시
MEGABOX,파주출판도시,경기,가디언즈 오브 갤럭시: Volume 3,08:20,파주시
MEGABOX,파주출판도시,경기,가디언즈 오브 갤럭시: Volume 3,11:20,파주시
MEGABOX,파주출판도시,경기,가디언즈 오브 갤럭시: Volume 3,14:20,파주시
MEGABOX,파주출판도시,경기,가디언즈 오브 갤럭시: Volume 3,17:20,파주시
MEGABOX,파주출판도시,경기,가디언즈 오브 갤럭시: Volume 3,20:20,파주시
MEGABOX,파주출판도시,경기,가디언즈 오브 갤럭시: Volume 3,09:40,파주시
MEGABOX,파주출판도시,경기,가디언즈 오브 갤럭시: Volume 3,12:40,파주시
MEGABOX,파주출판도시,경기,가디언즈 오브 갤럭시: Volume 3,15:40,파주시
MEGABOX,파주출판도시,경기,가디언즈 오브 갤럭시: Volume 3,18:40,파주시
MEGABOX,파주출판도시,경기,가디언즈 오브 갤럭시: Volume 3,21:40,파주시
MEGABOX,파주출판도시,경기,가디언즈 오브 갤럭시: Volume 3,10:20,파주시
MEGABOX,파주출판도시,경기,가디언즈 오브 갤럭시: Volume 3,13:20,파주시
MEGABOX,파주출판도시,경기,가디언즈 오브 갤럭시: Volume 3,16:20,파주시
MEGABOX,파주출판도시,경기,가디언즈 오브 갤럭시: Volume 3,19:20,파주시
MEGABOX,파주출판도시,경기,가디언즈 오브 갤럭시: Volume 3,09:00,파주시
MEGABOX,파주출판도시,경기,가디언즈 오브 갤럭시: Volume 3,12:00,파주시
MEGABOX,파주출판도시,경기,가디언즈 오브 갤럭시: Volume 3,15:00,파주시
MEGABOX,파주출판도시,경기,가디언즈 오브 갤럭시: Volume 3,18:00,파주시
MEGABOX,파주출판도시,경기,가디언즈 오브 갤럭시: Volume 3,21:00,파주시
MEGABOX,파주출판도시,경기,슈퍼 마리오 브라더스,09:30,파주시
MEGABOX,파주출판도시,경기,슈퍼 마리오 브라더스,18:05,파주시
MEGABOX,파주출판도시,경기,슈퍼 마리오 브라더스,20:05,파주시
MEGABOX,파주출판도시,경기,슈퍼 마리오 브라더스,22:05,파주시
MEGABOX,파주출판도시,경기,슈퍼 마리오 브라더스,11:35,파주시
MEGABOX,파주출판도시,경기,슈퍼 마리오 브라더스,15:55,파주시
MEGABOX,파주출판도시,경기,슈퍼 마리오 브라더스,08:50,파주시
MEGABOX,파주출판도시,경기,슈퍼 마리오 브라더스,10:50,파주시
MEGABOX,파주출판도시,경기,슈퍼 마리오 브라더스,12:50,파주시
MEGABOX,파주출판도시,경기,슈퍼 마리오 브라더스,14:50,파주시
MEGABOX,파주출판도시,경기,슈퍼 마리오 브라더스,16:50,파주시
MEGABOX,파주출판도시,경기,슈퍼 마리오 브라더스,18:50,파주시
MEGABOX,파주출판도시,경기,드림,12:55,파주시
MEGABOX,파주출판도시,경기,드림,15:30,파주시
MEGABOX,파주출판도시,경기,드림,09:10,파주시
MEGABOX,파주출판도시,경기,드림,11:45,파주시
MEGABOX,파주출판도시,경기,드림,14:25,파주시
MEGABOX,파주출판도시,경기,드림,17:00,파주시
MEGABOX,파주출판도시,경기,드림,19:35,파주시
MEGABOX,파주출판도시,경기,드림,22:10,파주시
MEGABOX,파주출판도시,경기,극장판 짱구는 못말려: 동물소환 닌자 배꼽수비대,08:30,파주시
MEGABOX,파주출판도시,경기,극장판 짱구는 못말려: 동물소환 닌자 배꼽수비대,10:40,파주시
MEGABOX,파주출판도시,경기,극장판 짱구는 못말려: 동물소환 닌자 배꼽수비대,13:45,파주시
MEGABOX,파주출판도시,경기,스즈메의 문단속,22:15,파주시
MEGABOX,파주출판도시,경기,더 퍼스트 슬램덩크,21:30,파주시
MEGABOX,파주출판도시,경기,존 윅 4,18:10,파주시
MEGABOX,파주출판도시,경기,존 윅 4,20:50,파주시
MEGABOX,파주출판도시,경기,[F] 클로즈,16:40,파주시
MEGABOX,파주출판도시,경기,[F] 리턴 투 서울,14:10,파주시
MEGABOX,파주출판도시,경기,[시네마캐슬] 너의 이름은.,18:55,파주시
MEGABOX,파주출판도시,경기,[시네마캐슬] 항구의 니쿠코짱!,09:35,파주시
MEGABOX,파주출판도시,경기,[시네마캐슬] 그 아이는 귀족,11:40,파주시
MEGABOX,파주출판도시,경기,[시네마캐슬] 그 아이는 귀족,21:10,파주시
MEGABOX,하남스타필드,경기,가디언즈 오브 갤럭시: Volume 3,08:50,하남시
MEGABOX,하남스타필드,경기,가디언즈 오브 갤럭시: Volume 3,11:50,하남시
MEGABOX,하남스타필드,경기,가디언즈 오브 갤럭시: Volume 3,14:50,하남시
MEGABOX,하남스타필드,경기,가디언즈 오브 갤럭시: Volume 3,17:50,하남시
MEGABOX,하남스타필드,경기,가디언즈 오브 갤럭시: Volume 3,20:50,하남시
MEGABOX,하남스타필드,경기,가디언즈 오브 갤럭시: Volume 3,23:50,하남시
MEGABOX,하남스타필드,경기,가디언즈 오브 갤럭시: Volume 3,10:00,하남시
MEGABOX,하남스타필드,경기,가디언즈 오브 갤럭시: Volume 3,13:00,하남시
MEGABOX,하남스타필드,경기,가디언즈 오브 갤럭시: Volume 3,16:00,하남시
MEGABOX,하남스타필드,경기,가디언즈 오브 갤럭시: Volume 3,19:00,하남시
MEGABOX,하남스타필드,경기,가디언즈 오브 갤럭시: Volume 3,22:00,하남시
MEGABOX,하남스타필드,경기,가디언즈 오브 갤럭시: Volume 3,19:30,하남시
MEGABOX,하남스타필드,경기,가디언즈 오브 갤럭시: Volume 3,22:30,하남시
MEGABOX,하남스타필드,경기,가디언즈 오브 갤럭시: Volume 3,08:00,하남시
MEGABOX,하남스타필드,경기,가디언즈 오브 갤럭시: Volume 3,11:00,하남시
MEGABOX,하남스타필드,경기,가디언즈 오브 갤럭시: Volume 3,14:00,하남시
MEGABOX,하남스타필드,경기,가디언즈 오브 갤럭시: Volume 3,17:00,하남시
MEGABOX,하남스타필드,경기,가디언즈 오브 갤럭시: Volume 3,20:00,하남시
MEGABOX,하남스타필드,경기,가디언즈 오브 갤럭시: Volume 3,23:00,하남시
MEGABOX,하남스타필드,경기,가디언즈 오브 갤럭시: Volume 3,09:30,하남시
MEGABOX,하남스타필드,경기,가디언즈 오브 갤럭시: Volume 3,12:30,하남시
MEGABOX,하남스타필드,경기,가디언즈 오브 갤럭시: Volume 3,15:30,하남시
MEGABOX,하남스타필드,경기,가디언즈 오브 갤럭시: Volume 3,18:30,하남시
MEGABOX,하남스타필드,경기,가디언즈 오브 갤럭시: Volume 3,21:30,하남시
MEGABOX,하남스타필드,경기,슈퍼 마리오 브라더스,07:55,하남시
MEGABOX,하남스타필드,경기,슈퍼 마리오 브라더스,20:10,하남시
MEGABOX,하남스타필드,경기,슈퍼 마리오 브라더스,22:15,하남시
MEGABOX,하남스타필드,경기,슈퍼 마리오 브라더스,24:20,하남시
MEGABOX,하남스타필드,경기,슈퍼 마리오 브라더스,09:45,하남시
MEGABOX,하남스타필드,경기,슈퍼 마리오 브라더스,11:50,하남시
MEGABOX,하남스타필드,경기,슈퍼 마리오 브라더스,13:55,하남시
MEGABOX,하남스타필드,경기,슈퍼 마리오 브라더스,16:00,하남시
MEGABOX,하남스타필드,경기,슈퍼 마리오 브라더스,18:05,하남시
MEGABOX,하남스타필드,경기,슈퍼 마리오 브라더스,08:30,하남시
MEGABOX,하남스타필드,경기,슈퍼 마리오 브라더스,10:35,하남시
MEGABOX,하남스타필드,경기,슈퍼 마리오 브라더스,14:50,하남시
MEGABOX,하남스타필드,경기,슈퍼 마리오 브라더스,08:50,하남시
MEGABOX,하남스타필드,경기,슈퍼 마리오 브라더스,10:55,하남시
MEGABOX,하남스타필드,경기,슈퍼 마리오 브라더스,13:00,하남시
MEGABOX,하남스타필드,경기,슈퍼 마리오 브라더스,15:05,하남시
MEGABOX,하남스타필드,경기,슈퍼 마리오 브라더스,17:10,하남시
MEGABOX,하남스타필드,경기,슈퍼 마리오 브라더스,19:15,하남시
MEGABOX,하남스타필드,경기,슈퍼 마리오 브라더스,21:20,하남시
MEGABOX,하남스타필드,경기,슈퍼 마리오 브라더스,23:25,하남시
MEGABOX,하남스타필드,경기,슈퍼 마리오 브라더스,09:00,하남시
MEGABOX,하남스타필드,경기,슈퍼 마리오 브라더스,11:05,하남시
MEGABOX,하남스타필드,경기,슈퍼 마리오 브라더스,13:10,하남시
MEGABOX,하남스타필드,경기,슈퍼 마리오 브라더스,15:15,하남시
MEGABOX,하남스타필드,경기,슈퍼 마리오 브라더스,17:20,하남시
MEGABOX,하남스타필드,경기,슈퍼 마리오 브라더스,19:25,하남시
MEGABOX,하남스타필드,경기,드림,08:20,하남시
MEGABOX,하남스타필드,경기,드림,10:55,하남시
MEGABOX,하남스타필드,경기,드림,13:30,하남시
MEGABOX,하남스타필드,경기,드림,16:05,하남시
MEGABOX,하남스타필드,경기,드림,18:40,하남시
MEGABOX,하남스타필드,경기,드림,21:15,하남시
MEGABOX,하남스타필드,경기,드림,23:50,하남시
MEGABOX,하남스타필드,경기,극장판 짱구는 못말려: 동물소환 닌자 배꼽수비대,12:40,하남시
MEGABOX,하남스타필드,경기,극장판 짱구는 못말려: 동물소환 닌자 배꼽수비대,16:55,하남시
MEGABOX,하남스타필드,경기,극장판 짱구는 못말려: 동물소환 닌자 배꼽수비대,09:15,하남시
MEGABOX,하남스타필드,경기,극장판 짱구는 못말려: 동물소환 닌자 배꼽수비대,11:25,하남시
MEGABOX,하남스타필드,경기,극장판 짱구는 못말려: 동물소환 닌자 배꼽수비대,13:35,하남시
MEGABOX,하남스타필드,경기,극장판 짱구는 못말려: 동물소환 닌자 배꼽수비대,15:45,하남시
MEGABOX,하남스타필드,경기,극장판 짱구는 못말려: 동물소환 닌자 배꼽수비대,17:55,하남시
MEGABOX,하남스타필드,경기,스즈메의 문단속,08:30,하남시
MEGABOX,하남스타필드,경기,스즈메의 문단속,14:25,하남시
MEGABOX,하남스타필드,경기,스즈메의 문단속,20:20,하남시
MEGABOX,하남스타필드,경기,스즈메의 문단속,21:30,하남시
MEGABOX,하남스타필드,경기,스즈메의 문단속,24:05,하남시
MEGABOX,하남스타필드,경기,존 윅 4,11:05,하남시
MEGABOX,하남스타필드,경기,존 윅 4,17:00,하남시
MEGABOX,하남스타필드,경기,존 윅 4,22:55,하남시
MEGABOX,하남스타필드,경기,리바운드,20:10,하남시
MEGABOX,하남스타필드,경기,리바운드,22:45,하남시
MEGABOX,검단,인천,가디언즈 오브 갤럭시: Volume 3,10:00,서구
MEGABOX,검단,인천,가디언즈 오브 갤럭시: Volume 3,13:00,서구
MEGABOX,검단,인천,가디언즈 오브 갤럭시: Volume 3,16:00,서구
MEGABOX,검단,인천,가디언즈 오브 갤럭시: Volume 3,19:00,서구
MEGABOX,검단,인천,가디언즈 오브 갤럭시: Volume 3,22:00,서구
MEGABOX,검단,인천,가디언즈 오브 갤럭시: Volume 3,11:00,서구
MEGABOX,검단,인천,가디언즈 오브 갤럭시: Volume 3,19:50,서구
MEGABOX,검단,인천,가디언즈 오브 갤럭시: Volume 3,22:50,서구
MEGABOX,검단,인천,가디언즈 오브 갤럭시: Volume 3,09:00,서구
MEGABOX,검단,인천,가디언즈 오브 갤럭시: Volume 3,12:00,서구
MEGABOX,검단,인천,가디언즈 오브 갤럭시: Volume 3,15:00,서구
MEGABOX,검단,인천,가디언즈 오브 갤럭시: Volume 3,18:00,서구
MEGABOX,검단,인천,가디언즈 오브 갤럭시: Volume 3,21:00,서구
MEGABOX,검단,인천,슈퍼 마리오 브라더스,12:25,서구
MEGABOX,검단,인천,슈퍼 마리오 브라더스,14:30,서구
MEGABOX,검단,인천,슈퍼 마리오 브라더스,20:50,서구
MEGABOX,검단,인천,슈퍼 마리오 브라더스,17:40,서구
MEGABOX,검단,인천,슈퍼 마리오 브라더스,09:20,서구
MEGABOX,검단,인천,슈퍼 마리오 브라더스,11:25,서구
MEGABOX,검단,인천,슈퍼 마리오 브라더스,13:30,서구
MEGABOX,검단,인천,슈퍼 마리오 브라더스,15:35,서구
MEGABOX,검단,인천,드림,09:50,서구
MEGABOX,검단,인천,드림,16:35,서구
MEGABOX,검단,인천,드림,19:10,서구
MEGABOX,검단,인천,드림,22:50,서구
MEGABOX,검단,인천,극장판 짱구는 못말려: 동물소환 닌자 배꼽수비대,08:50,서구
MEGABOX,검단,인천,극장판 짱구는 못말려: 동물소환 닌자 배꼽수비대,14:00,서구
MEGABOX,검단,인천,극장판 짱구는 못말려: 동물소환 닌자 배꼽수비대,16:10,서구
MEGABOX,검단,인천,스즈메의 문단속,18:20,서구
MEGABOX,검단,인천,존 윅 4,21:45,서구
MEGABOX,송도,인천,가디언즈 오브 갤럭시: Volume 3,10:35,연수구
MEGABOX,송도,인천,가디언즈 오브 갤럭시: Volume 3,13:35,연수구
MEGABOX,송도,인천,가디언즈 오브 갤럭시: Volume 3,16:35,연수구
MEGABOX,송도,인천,가디언즈 오브 갤럭시: Volume 3,19:35,연수구
MEGABOX,송도,인천,가디언즈 오브 갤럭시: Volume 3,22:40,연수구
MEGABOX,송도,인천,가디언즈 오브 갤럭시: Volume 3,08:20,연수구
MEGABOX,송도,인천,가디언즈 오브 갤럭시: Volume 3,11:20,연수구
MEGABOX,송도,인천,가디언즈 오브 갤럭시: Volume 3,14:20,연수구
MEGABOX,송도,인천,가디언즈 오브 갤럭시: Volume 3,17:20,연수구
MEGABOX,송도,인천,가디언즈 오브 갤럭시: Volume 3,20:20,연수구
MEGABOX,송도,인천,가디언즈 오브 갤럭시: Volume 3,23:25,연수구
MEGABOX,송도,인천,가디언즈 오브 갤럭시: Volume 3,09:50,연수구
MEGABOX,송도,인천,가디언즈 오브 갤럭시: Volume 3,12:50,연수구
MEGABOX,송도,인천,가디언즈 오브 갤럭시: Volume 3,15:50,연수구
MEGABOX,송도,인천,가디언즈 오브 갤럭시: Volume 3,18:50,연수구
MEGABOX,송도,인천,가디언즈 오브 갤럭시: Volume 3,21:55,연수구
MEGABOX,송도,인천,가디언즈 오브 갤럭시: Volume 3,09:05,연수구
MEGABOX,송도,인천,가디언즈 오브 갤럭시: Volume 3,12:05,연수구
MEGABOX,송도,인천,가디언즈 오브 갤럭시: Volume 3,15:05,연수구
MEGABOX,송도,인천,가디언즈 오브 갤럭시: Volume 3,18:05,연수구
MEGABOX,송도,인천,가디언즈 오브 갤럭시: Volume 3,21:10,연수구
MEGABOX,송도,인천,슈퍼 마리오 브라더스,17:40,연수구
MEGABOX,송도,인천,슈퍼 마리오 브라더스,09:40,연수구
MEGABOX,송도,인천,슈퍼 마리오 브라더스,11:40,연수구
MEGABOX,송도,인천,슈퍼 마리오 브라더스,13:40,연수구
MEGABOX,송도,인천,슈퍼 마리오 브라더스,15:40,연수구
MEGABOX,송도,인천,슈퍼 마리오 브라더스,08:40,연수구
MEGABOX,송도,인천,슈퍼 마리오 브라더스,12:40,연수구
MEGABOX,송도,인천,슈퍼 마리오 브라더스,20:05,연수구
MEGABOX,송도,인천,슈퍼 마리오 브라더스,10:40,연수구
MEGABOX,송도,인천,슈퍼 마리오 브라더스,14:40,연수구
MEGABOX,송도,인천,드림,08:40,연수구
MEGABOX,송도,인천,드림,11:15,연수구
MEGABOX,송도,인천,드림,13:50,연수구
MEGABOX,송도,인천,드림,16:25,연수구
MEGABOX,송도,인천,드림,19:10,연수구
MEGABOX,송도,인천,드림,21:45,연수구
MEGABOX,송도,인천,극장판 짱구는 못말려: 동물소환 닌자 배꼽수비대,08:30,연수구
MEGABOX,송도,인천,극장판 짱구는 못말려: 동물소환 닌자 배꼽수비대,11:00,연수구
MEGABOX,송도,인천,극장판 짱구는 못말려: 동물소환 닌자 배꼽수비대,13:10,연수구
MEGABOX,송도,인천,스즈메의 문단속,08:30,연수구
MEGABOX,송도,인천,스즈메의 문단속,15:20,연수구
MEGABOX,송도,인천,스즈메의 문단속,17:55,연수구
MEGABOX,송도,인천,스즈메의 문단속,20:30,연수구
MEGABOX,송도,인천,스즈메의 문단속,23:00,연수구
MEGABOX,송도,인천,존 윅 4,19:45,연수구
MEGABOX,송도,인천,존 윅 4,23:05,연수구
MEGABOX,송도,인천,존 윅 4,16:45,연수구
MEGABOX,송도,인천,존 윅 4,22:05,연수구
MEGABOX,영종,인천,가디언즈 오브 갤럭시: Volume 3,15:30,중구
MEGABOX,영종,인천,가디언즈 오브 갤럭시: Volume 3,18:30,중구
MEGABOX,영종,인천,가디언즈 오브 갤럭시: Volume 3,21:40,중구
MEGABOX,영종,인천,가디언즈 오브 갤럭시: Volume 3,11:30,중구
MEGABOX,영종,인천,가디언즈 오브 갤럭시: Volume 3,14:30,중구
MEGABOX,영종,인천,가디언즈 오브 갤럭시: Volume 3,17:30,중구
MEGABOX,영종,인천,가디언즈 오브 갤럭시: Volume 3,20:35,중구
MEGABOX,영종,인천,가디언즈 오브 갤럭시: Volume 3,10:30,중구
MEGABOX,영종,인천,가디언즈 오브 갤럭시: Volume 3,13:30,중구
MEGABOX,영종,인천,가디언즈 오브 갤럭시: Volume 3,16:30,중구
MEGABOX,영종,인천,가디언즈 오브 갤럭시: Volume 3,19:40,중구
MEGABOX,영종,인천,가디언즈 오브 갤럭시: Volume 3,22:40,중구
MEGABOX,영종,인천,가디언즈 오브 갤럭시: Volume 3,12:30,중구
MEGABOX,영종,인천,슈퍼 마리오 브라더스,09:20,중구
MEGABOX,영종,인천,슈퍼 마리오 브라더스,11:20,중구
MEGABOX,영종,인천,슈퍼 마리오 브라더스,13:20,중구
MEGABOX,영종,인천,슈퍼 마리오 브라더스,12:45,중구
MEGABOX,영종,인천,슈퍼 마리오 브라더스,14:45,중구
MEGABOX,영종,인천,슈퍼 마리오 브라더스,16:10,중구
MEGABOX,영종,인천,슈퍼 마리오 브라더스,10:20,중구
MEGABOX,영종,인천,슈퍼 마리오 브라더스,18:25,중구
MEGABOX,영종,인천,슈퍼 마리오 브라더스,20:25,중구
MEGABOX,영종,인천,드림,10:10,중구
MEGABOX,영종,인천,드림,16:45,중구
MEGABOX,영종,인천,드림,19:20,중구
MEGABOX,영종,인천,드림,22:00,중구
MEGABOX,영종,인천,극장판 짱구는 못말려: 동물소환 닌자 배꼽수비대,09:30,중구
MEGABOX,영종,인천,극장판 짱구는 못말려: 동물소환 닌자 배꼽수비대,11:40,중구
MEGABOX,영종,인천,극장판 짱구는 못말려: 동물소환 닌자 배꼽수비대,13:50,중구
MEGABOX,영종,인천,스즈메의 문단속,09:00,중구
MEGABOX,영종,인천,스즈메의 문단속,18:10,중구
MEGABOX,영종,인천,스즈메의 문단속,20:50,중구
MEGABOX,영종,인천,스즈메의 문단속,23:20,중구
MEGABOX,영종,인천,스즈메의 문단속,15:45,중구
MEGABOX,영종,인천,존 윅 4,22:25,중구
MEGABOX,인천논현,인천,가디언즈 오브 갤럭시: Volume 3,09:00,남동구
MEGABOX,인천논현,인천,가디언즈 오브 갤럭시: Volume 3,12:00,남동구
MEGABOX,인천논현,인천,가디언즈 오브 갤럭시: Volume 3,15:00,남동구
MEGABOX,인천논현,인천,가디언즈 오브 갤럭시: Volume 3,18:00,남동구
MEGABOX,인천논현,인천,가디언즈 오브 갤럭시: Volume 3,21:00,남동구
MEGABOX,인천논현,인천,가디언즈 오브 갤럭시: Volume 3,24:00,남동구
MEGABOX,인천논현,인천,가디언즈 오브 갤럭시: Volume 3,08:00,남동구
MEGABOX,인천논현,인천,가디언즈 오브 갤럭시: Volume 3,10:55,남동구
MEGABOX,인천논현,인천,가디언즈 오브 갤럭시: Volume 3,13:50,남동구
MEGABOX,인천논현,인천,가디언즈 오브 갤럭시: Volume 3,16:45,남동구
MEGABOX,인천논현,인천,가디언즈 오브 갤럭시: Volume 3,19:40,남동구
MEGABOX,인천논현,인천,가디언즈 오브 갤럭시: Volume 3,22:40,남동구
MEGABOX,인천논현,인천,가디언즈 오브 갤럭시: Volume 3,10:00,남동구
MEGABOX,인천논현,인천,가디언즈 오브 갤럭시: Volume 3,13:00,남동구
MEGABOX,인천논현,인천,가디언즈 오브 갤럭시: Volume 3,16:00,남동구
MEGABOX,인천논현,인천,가디언즈 오브 갤럭시: Volume 3,19:00,남동구
MEGABOX,인천논현,인천,가디언즈 오브 갤럭시: Volume 3,22:00,남동구
MEGABOX,인천논현,인천,가디언즈 오브 갤럭시: Volume 3,23:20,남동구
MEGABOX,인천논현,인천,슈퍼 마리오 브라더스,19:10,남동구
MEGABOX,인천논현,인천,슈퍼 마리오 브라더스,21:15,남동구
MEGABOX,인천논현,인천,슈퍼 마리오 브라더스,08:45,남동구
MEGABOX,인천논현,인천,슈퍼 마리오 브라더스,10:50,남동구
MEGABOX,인천논현,인천,슈퍼 마리오 브라더스,12:55,남동구
MEGABOX,인천논현,인천,슈퍼 마리오 브라더스,15:00,남동구
MEGABOX,인천논현,인천,슈퍼 마리오 브라더스,17:05,남동구
MEGABOX,인천논현,인천,드림,08:30,남동구
MEGABOX,인천논현,인천,드림,11:00,남동구
MEGABOX,인천논현,인천,드림,13:30,남동구
MEGABOX,인천논현,인천,드림,16:00,남동구
MEGABOX,인천논현,인천,드림,18:30,남동구
MEGABOX,인천논현,인천,드림,21:00,남동구
MEGABOX,인천논현,인천,드림,23:30,남동구
MEGABOX,인천논현,인천,극장판 짱구는 못말려: 동물소환 닌자 배꼽수비대,08:10,남동구
MEGABOX,인천논현,인천,극장판 짱구는 못말려: 동물소환 닌자 배꼽수비대,10:20,남동구
MEGABOX,인천논현,인천,극장판 짱구는 못말려: 동물소환 닌자 배꼽수비대,12:30,남동구
MEGABOX,인천논현,인천,극장판 짱구는 못말려: 동물소환 닌자 배꼽수비대,14:40,남동구
MEGABOX,인천논현,인천,극장판 짱구는 못말려: 동물소환 닌자 배꼽수비대,16:50,남동구
MEGABOX,인천논현,인천,스즈메의 문단속,11:55,남동구
MEGABOX,인천논현,인천,스즈메의 문단속,16:40,남동구
MEGABOX,인천논현,인천,스즈메의 문단속,21:50,남동구
MEGABOX,인천논현,인천,스즈메의 문단속,09:50,남동구
MEGABOX,인천논현,인천,더 퍼스트 슬램덩크,17:20,남동구
MEGABOX,인천논현,인천,더 퍼스트 슬램덩크,22:20,남동구
MEGABOX,인천논현,인천,더 퍼스트 슬램덩크,12:20,남동구
MEGABOX,인천논현,인천,존 윅 4,19:00,남동구
MEGABOX,인천논현,인천,존 윅 4,22:20,남동구
MEGABOX,인천논현,인천,킬링 로맨스,14:25,남동구
MEGABOX,인천논현,인천,리바운드,14:50,남동구
MEGABOX,인천논현,인천,리바운드,19:50,남동구
MEGABOX,인천논현,인천,무명,19:10,남동구
MEGABOX,인천논현,인천,거울 속 외딴 성,09:30,남동구
MEGABOX,인천논현,인천,[F] 자전거 도둑,08:00,남동구
MEGABOX,청라지젤,인천,가디언즈 오브 갤럭시: Volume 3,09:00,서구
MEGABOX,청라지젤,인천,가디언즈 오브 갤럭시: Volume 3,12:00,서구
MEGABOX,청라지젤,인천,가디언즈 오브 갤럭시: Volume 3,15:00,서구
MEGABOX,청라지젤,인천,가디언즈 오브 갤럭시: Volume 3,18:00,서구
MEGABOX,청라지젤,인천,가디언즈 오브 갤럭시: Volume 3,21:00,서구
MEGABOX,청라지젤,인천,가디언즈 오브 갤럭시: Volume 3,10:00,서구
MEGABOX,청라지젤,인천,가디언즈 오브 갤럭시: Volume 3,12:55,서구
MEGABOX,청라지젤,인천,가디언즈 오브 갤럭시: Volume 3,15:55,서구
MEGABOX,청라지젤,인천,가디언즈 오브 갤럭시: Volume 3,19:00,서구
MEGABOX,청라지젤,인천,가디언즈 오브 갤럭시: Volume 3,13:30,서구
MEGABOX,청라지젤,인천,가디언즈 오브 갤럭시: Volume 3,16:35,서구
MEGABOX,청라지젤,인천,가디언즈 오브 갤럭시: Volume 3,11:00,서구
MEGABOX,청라지젤,인천,가디언즈 오브 갤럭시: Volume 3,14:10,서구
MEGABOX,청라지젤,인천,가디언즈 오브 갤럭시: Volume 3,17:15,서구
MEGABOX,청라지젤,인천,가디언즈 오브 갤럭시: Volume 3,20:15,서구
MEGABOX,청라지젤,인천,슈퍼 마리오 브라더스,20:50,서구
MEGABOX,청라지젤,인천,슈퍼 마리오 브라더스,13:20,서구
MEGABOX,청라지젤,인천,슈퍼 마리오 브라더스,15:30,서구
MEGABOX,청라지젤,인천,슈퍼 마리오 브라더스,09:20,서구
MEGABOX,청라지젤,인천,슈퍼 마리오 브라더스,11:25,서구
MEGABOX,청라지젤,인천,슈퍼 마리오 브라더스,18:55,서구
MEGABOX,청라지젤,인천,슈퍼 마리오 브라더스,10:20,서구
MEGABOX,청라지젤,인천,슈퍼 마리오 브라더스,12:30,서구
MEGABOX,청라지젤,인천,슈퍼 마리오 브라더스,14:40,서구
MEGABOX,청라지젤,인천,슈퍼 마리오 브라더스,16:50,서구
MEGABOX,청라지젤,인천,드림,10:40,서구
MEGABOX,청라지젤,인천,드림,17:35,서구
MEGABOX,청라지젤,인천,드림,20:10,서구
MEGABOX,청라지젤,인천,드림,21:00,서구
MEGABOX,청라지젤,인천,극장판 짱구는 못말려: 동물소환 닌자 배꼽수비대,09:45,서구
MEGABOX,청라지젤,인천,극장판 짱구는 못말려: 동물소환 닌자 배꼽수비대,11:55,서구
MEGABOX,청라지젤,인천,극장판 짱구는 못말려: 동물소환 닌자 배꼽수비대,14:10,서구
MEGABOX,청라지젤,인천,극장판 짱구는 못말려: 동물소환 닌자 배꼽수비대,16:25,서구
MEGABOX,청라지젤,인천,극장판 짱구는 못말려: 동물소환 닌자 배꼽수비대,18:40,서구
MEGABOX,청라지젤,인천,존 윅 4,19:40,서구
